source_id,rel_path,disciplina_raiz,tipo_fonte,paginas,chars
09_Erisipela_e_linfedema__89cace7b3b,EISA II - Ensino Integrado em Saúde do Adulto II\ANGIOLOGIA \09 - Erisipela e linfedema.pdf,EISA II - Ensino Integrado em Saúde do Adulto II,ESCANEADA,13,0
15_PA_DiabA_tico__4ce9f782de,EISA II - Ensino Integrado em Saúde do Adulto II\ANGIOLOGIA \15 - PÃ©️-DiabÃ©️tico.pdf,EISA II - Ensino Integrado em Saúde do Adulto II,NATIVA,19,29208
1_Bronquiolite__a456a0d201,EISCA - Ensino Integrado em Saúde da Criança e Adolescente\Resumos\1-Bronquiolite.pdf,EISCA - Ensino Integrado em Saúde da Criança e Adolescente,NATIVA,2,7271
1_Depressa_o__fc3aafa4e4,EISM - Ensino Integrado em Saúde Mental\Slides Aulas\Slides Primeira Prova \1. Depressão.pdf,EISM - Ensino Integrado em Saúde Mental,MISTA,33,6816
1_DiagnA_stico_das_sA_ndromes_nefrolA_gicas__542c6a898f,EISA II - Ensino Integrado em Saúde do Adulto II\NEFROLOGIA\Resumos\1-DiagnÃ³stico das sÃ_ndromes nefrolÃ³gicas.pdf,EISA II - Ensino Integrado em Saúde do Adulto II,NATIVA,3,8904
1_Farmacoterapia_para_Diabetes_Mellitus__caa50aba48,EISA II - Ensino Integrado em Saúde do Adulto II\ENDOCRINOLOGIA\Resumos\1-Farmacoterapia para Diabetes Mellitus.pdf,EISA II - Ensino Integrado em Saúde do Adulto II,NATIVA,8,20408
1_LitA_ase_urinA_ria__aaca8de431,EISA II - Ensino Integrado em Saúde do Adulto II\UROLOGIA\Resumos\1-LitÃ_ase urinÃ¡ria.pdf,EISA II - Ensino Integrado em Saúde do Adulto II,NATIVA,3,11589
1_Osteossarcoma__da1747531d,EISCA - Ensino Integrado em Saúde da Criança e Adolescente\Resumos\1-Osteossarcoma.pdf,EISCA - Ensino Integrado em Saúde da Criança e Adolescente,NATIVA,2,6989
2021_2_Doenc_as_das_Paratireoides_e_Osteoporose__532c60e94d,EISA II - Ensino Integrado em Saúde do Adulto II\ENDOCRINOLOGIA\Slides Aulas\Slides Primeira Prova \2021.2_Doenças das Paratireoides e Osteoporose.pdf,EISA II - Ensino Integrado em Saúde do Adulto II,MISTA,96,19035
2025_1_Diabetes_metas_e_tto_n_o_insul_nico__083a9449f2,EISA II - Ensino Integrado em Saúde do Adulto II\ENDOCRINOLOGIA\Slides Aulas\Slides Primeira Prova \2025.1_Diabetes_metas e tto não insulínico.pdf,EISA II - Ensino Integrado em Saúde do Adulto II,ESCANEADA,100,10912
2025_1_HIPOPITUITARISMO__1f445bfa8d,EISA II - Ensino Integrado em Saúde do Adulto II\ENDOCRINOLOGIA\Slides Aulas\Slides Quarta Prova\2025.1_HIPOPITUITARISMO.pdf,EISA II - Ensino Integrado em Saúde do Adulto II,MISTA,64,10701
2025_1_Hiperaldosteronismo_prim_rio_e_feocromocitoma__d986fd0620,EISA II - Ensino Integrado em Saúde do Adulto II\ENDOCRINOLOGIA\Slides Aulas\Slides Quarta Prova\2025.1_Hiperaldosteronismo primário e feocromocitoma.pdf,EISA II - Ensino Integrado em Saúde do Adulto II,MISTA,121,34563
2_AssistA_ncia_ao_recA_m_nascido_na_sala_de_parto__dfb24bd2f9,EISCA - Ensino Integrado em Saúde da Criança e Adolescente\Resumos\2-AssistÃªncia ao recÃ©️m nascido na sala de parto.pdf,EISCA - Ensino Integrado em Saúde da Criança e Adolescente,NATIVA,4,11589
2_Avaliac_a_o_Casos_Cli_nicos_TURMA_B_2021_1__7bf703af15,CASOS CLÍNICOS\Provas antigas \2ª Avaliação_ Casos Clínicos - TURMA B - 2021.1.pdf,CASOS CLÍNICOS,NATIVA,8,11404
2_Exames_de_imagem_na_Nefrologia__d17a2c74cb,EISA II - Ensino Integrado em Saúde do Adulto II\NEFROLOGIA\Resumos\2-Exames de imagem na Nefrologia.pdf,EISA II - Ensino Integrado em Saúde do Adulto II,NATIVA,3,5609
2_Transtornos_Mentais_na_Gravidez_e_No_Puerpe_rio__0efe14a107,EISM - Ensino Integrado em Saúde Mental\Slides Aulas\Slides Primeira Prova \2. Transtornos Mentais na Gravidez e No Puerpério.pdf,EISM - Ensino Integrado em Saúde Mental,ESCANEADA,24,1824
3_Cefaleias__8e6ef3de3b,EISA II - Ensino Integrado em Saúde do Adulto II\NEUROLOGIA\Resumos\3-Cefaleias.pdf,EISA II - Ensino Integrado em Saúde do Adulto II,NATIVA,4,13609
3_DiagnA_stico_laboratorial_em_nefrologia_1___356124c454,EISA II - Ensino Integrado em Saúde do Adulto II\NEFROLOGIA\Resumos\3-DiagnÃ³stico laboratorial em nefrologia (1).pdf,EISA II - Ensino Integrado em Saúde do Adulto II,NATIVA,4,13656
3_DiagnA_stico_laboratorial_em_nefrologia__5f2f478f29,EISA II - Ensino Integrado em Saúde do Adulto II\NEFROLOGIA\Resumos\3-DiagnÃ³stico laboratorial em nefrologia.pdf,EISA II - Ensino Integrado em Saúde do Adulto II,NATIVA,4,13656
4_Emerge_ncias_Psiquia_tricas__705566fda7,EISM - Ensino Integrado em Saúde Mental\Slides Aulas\Slides Primeira Prova \4. Emergências Psiquiátricas.pdf,EISM - Ensino Integrado em Saúde Mental,ESCANEADA,50,3278
4_Trauma_Urogenital___2ef81514cc,EISA II - Ensino Integrado em Saúde do Adulto II\UROLOGIA\Slides Aulas \Slides Primeira Prova \4. Trauma Urogenital .pdf,EISA II - Ensino Integrado em Saúde do Adulto II,ESCANEADA,40,4107
9_Transtornos_alimentares__cd91c009ec,EISM - Ensino Integrado em Saúde Mental\Resumos\9-Transtornos alimentares.pdf,EISM - Ensino Integrado em Saúde Mental,NATIVA,3,10038
ANOTAC_O_ES_IST__a05a9c13fa,Resumos das Unidades \SAÚDE DO ADULTO II\II UNIDADE\UROLOGIA\ANOTAÇÕES - IST.pdf,Resumos das Unidades ,NATIVA,6,12707
ANOTAC_O_ES_TCE__acecbecc79,Resumos das Unidades \SAÚDE DO ADULTO II\III UNIDADE\Neurologia\ANOTAÇÕES - TCE.pdf,Resumos das Unidades ,NATIVA,10,16432
ANOTAC_O_ES_TOC__61f6501286,Resumos das Unidades \SAÚDE MENTAL\III UNIDADE\ANOTAÇÕES - TOC.pdf,Resumos das Unidades ,NATIVA,5,9773
ANOTAC_O_ES_aleitamento_materno_III_unidade__e207af597b,Resumos das Unidades \SAÚDE DA CRIANÇA E ADOLESCENTE\III UNIDADE\Neonato\ANOTAÇÕES - aleitamento materno - III unidade.pdf,Resumos das Unidades ,NATIVA,7,13081
ANOTAC_O_ES_ansioli_ticos__c32028b863,Resumos das Unidades \SAÚDE MENTAL\II UNIDADE\FARMACOLOGIA\ANOTAÇÕES - ansiolíticos.pdf,Resumos das Unidades ,NATIVA,5,10681
ANOTAC_O_ES_bipolaridade__a1c9d4465d,Resumos das Unidades \SAÚDE MENTAL\II UNIDADE\PSIQUIATRIA\ANOTAÇÕES - bipolaridade.pdf,Resumos das Unidades ,NATIVA,6,12846
ANOTAC_O_ES_ca_ncer_de_pro_stata__6614a32c87,Resumos das Unidades \SAÚDE DO ADULTO II\III UNIDADE\Urologia\ANOTAÇÕES - câncer de próstata.pdf,Resumos das Unidades ,NATIVA,9,21160
ANOTAC_O_ES_ca_ncer_e_no_dulo_da_tireoide__e5088007bc,Resumos das Unidades \SAÚDE DO ADULTO II\II UNIDADE\ENDÓCRINO\ANOTAÇÕES - câncer e nódulo da tireoide.pdf,Resumos das Unidades ,NATIVA,4,7618
ANOTAC_O_ES_carcinoma_de_ce_lulas_renais__f59012752a,Resumos das Unidades \SAÚDE DO ADULTO II\II UNIDADE\UROLOGIA\ANOTAÇÕES - carcinoma de células renais.pdf,Resumos das Unidades ,NATIVA,5,7698
ANOTAC_O_ES_doenc_as_oculares_em_endocrinologia__4d2c534b12,Resumos das Unidades \SAÚDE DO ADULTO II\II UNIDADE\OFTALMOLOGIA\ANOTAÇÕES - doenças oculares em endocrinologia.pdf,Resumos das Unidades ,NATIVA,3,3642
ANOTAC_O_ES_hipertireoidismo__d7d2480ff0,Resumos das Unidades \SAÚDE DO ADULTO II\II UNIDADE\ENDÓCRINO\ANOTAÇÕES - hipertireoidismo.pdf,Resumos das Unidades ,NATIVA,5,8685
ANOTAC_O_ES_terapia_renal_substitutiva__08a0ff9a53,Resumos das Unidades \SAÚDE DO ADULTO II\II UNIDADE\NEFROLOGIA\ANOTAÇÕES - terapia renal substitutiva.pdf,Resumos das Unidades ,NATIVA,4,8736
ANOTAC_O_ES_trauma_urogenital__1289c8c631,Resumos das Unidades \SAÚDE DO ADULTO II\III UNIDADE\Urologia\ANOTAÇÕES - trauma urogenital.pdf,Resumos das Unidades ,NATIVA,5,8333
APOSTILA_SA_II_P7___e43cc7bc21,EISA II - Ensino Integrado em Saúde do Adulto II\APOSTILA - SA II (P7).pdf,EISA II - Ensino Integrado em Saúde do Adulto II,NATIVA,246,630740
ATOPIAS_WILMA_VIVIANE__307e0bc84f,EISCA - Ensino Integrado em Saúde da Criança e Adolescente\Resumos\ATOPIAS         WILMA VIVIANE.pdf,EISCA - Ensino Integrado em Saúde da Criança e Adolescente,NATIVA,3,9487
ATOPIAS_na_infancia_1__db787ace52,EISCA - Ensino Integrado em Saúde da Criança e Adolescente\Slides Aulas\Slides Primeira Prova \ATOPIAS na infancia 1.pdf,EISCA - Ensino Integrado em Saúde da Criança e Adolescente,MISTA,46,6153
AULA_HPB_ATUALIZADA_POWER_POINT__1770a91b62,EISA II - Ensino Integrado em Saúde do Adulto II\UROLOGIA\Slides Aulas \Slides Primeira Prova \AULA HPB ATUALIZADA POWER POINT.pptx,EISA II - Ensino Integrado em Saúde do Adulto II,ESCANEADA,71,3540
AULA_OSTEOPOROSE_E_HPTP_QUESTIONA_RIO__4dceb85a10,EISA II - Ensino Integrado em Saúde do Adulto II\ENDOCRINOLOGIA\AULA OSTEOPOROSE E HPTP - QUESTIONÁRIO.docx,EISA II - Ensino Integrado em Saúde do Adulto II,NATIVA,1,1455
AVALIAC_A_O_LABORATORIAL_EM_NEFROLOGIA__4419b29eb0,EISA II - Ensino Integrado em Saúde do Adulto II\NEFROLOGIA\Slides Aulas\Slides Primeira Prova \AVALIAÇÃO LABORATORIAL EM NEFROLOGIA.pptx,EISA II - Ensino Integrado em Saúde do Adulto II,MISTA,58,12903
AVCH__6cde4df7bd,EISA II - Ensino Integrado em Saúde do Adulto II\NEUROLOGIA\Resumos\AVCH.pdf,EISA II - Ensino Integrado em Saúde do Adulto II,NATIVA,14,20122
AVCH_pdf__e10bced55a,EISA II - Ensino Integrado em Saúde do Adulto II\NEUROLOGIA\Resumos\AVCH.pdf.pdf,EISA II - Ensino Integrado em Saúde do Adulto II,NATIVA,4,8974
AVCI_investigac_a_o_etiolo_gica_II_unidade__314b910aaf,Resumos das Unidades \SAÚDE DO ADULTO II\II UNIDADE\NEUROLOGIA\AVCI (investigação etiológica) - II unidade.pdf,Resumos das Unidades ,NATIVA,4,7305
AVCI_urge_ncia_neurolo_gica_II_unidade__bec5d0b3b8,Resumos das Unidades \SAÚDE DO ADULTO II\II UNIDADE\NEUROLOGIA\AVCI (urgência neurológica) - II unidade.pdf,Resumos das Unidades ,NATIVA,5,9747
AVC_Hemorra_gico_pdf__d5089758a7,EISA II - Ensino Integrado em Saúde do Adulto II\NEUROLOGIA\Resumos\AVC Hemorrágico pdf.pdf,EISA II - Ensino Integrado em Saúde do Adulto II,NATIVA,5,8854
A_lcool_e_Outras_Drogas__ebaba69a52,EISM - Ensino Integrado em Saúde Mental\Resumos\Álcool e Outras Drogas.pdf,EISM - Ensino Integrado em Saúde Mental,NATIVA,7,15420
Abordagem_a_s_diarreias__41fb86fd8c,CASOS CLÍNICOS\Slides Aulas \Abordagem às diarreias.pdf,CASOS CLÍNICOS,MISTA,34,7130
Aleitamento_materno__f3ee0f71ef,EISCA - Ensino Integrado em Saúde da Criança e Adolescente\Slides Aulas\Slides Segunda Prova \Aleitamento materno.pdf,EISCA - Ensino Integrado em Saúde da Criança e Adolescente,ESCANEADA,31,0
Aleitamento_materno_docx__abd28fa2ef,EISCA - Ensino Integrado em Saúde da Criança e Adolescente\Resumos\Aleitamento materno.docx.pdf,EISCA - Ensino Integrado em Saúde da Criança e Adolescente,NATIVA,3,8537
Anato_fisiologia_da_Audic_a_o_pdf__d6c2a10b5e,EISA II - Ensino Integrado em Saúde do Adulto II\OTORRINOLARINGOLOGIA\Resumos\Anato-fisiologia da Audição pdf.pdf,EISA II - Ensino Integrado em Saúde do Adulto II,NATIVA,7,14408
Anatomia_e_Fisiologia_da_AudiA_A_o_Surdez_e_Vertigem__62cabda0e6,EISA II - Ensino Integrado em Saúde do Adulto II\OTORRINOLARINGOLOGIA\Resumos\Anatomia e Fisiologia da AudiÃ§Ã£o- Surdez e Vertigem.pdf,EISA II - Ensino Integrado em Saúde do Adulto II,NATIVA,4,6340
Anatomofisiologia_da_audi_o__1a48a52fc9,EISA II - Ensino Integrado em Saúde do Adulto II\OTORRINOLARINGOLOGIA\Conteúdos das aulas\Anatomofisiologia da audição.pdf,EISA II - Ensino Integrado em Saúde do Adulto II,NATIVA,14,41306
Anemias_Tratado_de_ped_5_ed_2022__f301d00853,EISCA - Ensino Integrado em Saúde da Criança e Adolescente\Slides Aulas\Slides Quarta Prova \Anemias- Tratado de ped 5 ed. - 2022.pdf,EISCA - Ensino Integrado em Saúde da Criança e Adolescente,NATIVA,15,21192
Anemias_na_infA_ncia__48379b722b,EISCA - Ensino Integrado em Saúde da Criança e Adolescente\Resumos\Anemias na infÃ¢ncia.pdf,EISCA - Ensino Integrado em Saúde da Criança e Adolescente,NATIVA,6,8583
Anotac_o_es_assiste_ncia_ao_RN_doc__9ec202f090,Resumos das Unidades \SAÚDE DA CRIANÇA E ADOLESCENTE\I UNIDADE\Anotações - assistência ao RN.doc.pdf,Resumos das Unidades ,NATIVA,4,7382
Anotac_o_es_semiologia_do_RN__c853869a1c,Resumos das Unidades \SAÚDE DA CRIANÇA E ADOLESCENTE\I UNIDADE\Anotações - semiologia do RN.pdf,Resumos das Unidades ,NATIVA,7,11725
Anotac_o_es_semiologia_do_adolescente__bcd52a9267,Resumos das Unidades \SAÚDE DA CRIANÇA E ADOLESCENTE\I UNIDADE\Anotações - semiologia do adolescente.pdf,Resumos das Unidades ,NATIVA,2,3280
Ansiedade__886bbbe8f5,EISM - Ensino Integrado em Saúde Mental\Resumos\Ansiedade.pdf,EISM - Ensino Integrado em Saúde Mental,NATIVA,6,8807
Anticonvulsivantes_III_unidade__33c7d91e0b,Resumos das Unidades \SAÚDE DO ADULTO II\III UNIDADE\Farmacologia\Anticonvulsivantes - III unidade.pdf,Resumos das Unidades ,NATIVA,9,22357
Antidepressivos_pdf__bdadd3d15a,EISM - Ensino Integrado em Saúde Mental\Resumos\Antidepressivos.pdf.pdf,EISM - Ensino Integrado em Saúde Mental,NATIVA,6,12718
Antipsico_ticos_II_unidade__bea4c8f456,Resumos das Unidades \SAÚDE MENTAL\II UNIDADE\FARMACOLOGIA\Antipsicóticos - II unidade.pdf,Resumos das Unidades ,NATIVA,8,16573
Antipsico_ticos_Tabela__1d16c62d2d,EISM - Ensino Integrado em Saúde Mental\Resumos\Antipsicóticos - Tabela.pdf,EISM - Ensino Integrado em Saúde Mental,NATIVA,5,5842
Asma_em_Pediatria__3def9bfd99,EISCA - Ensino Integrado em Saúde da Criança e Adolescente\Slides Aulas\Slides Terceira Prova\Asma em Pediatria.pdf,EISCA - Ensino Integrado em Saúde da Criança e Adolescente,MISTA,63,10238
Assiste_ncia_ao_RN_pdf__bc4a064524,EISCA - Ensino Integrado em Saúde da Criança e Adolescente\Resumos\Assiste_ncia ao RN.pdf.pdf,EISCA - Ensino Integrado em Saúde da Criança e Adolescente,NATIVA,6,8778
Atopias_II_unidade__d605add965,Resumos das Unidades \SAÚDE DA CRIANÇA E ADOLESCENTE\II UNIDADE\PEDIATRIA\Atopias - II unidade.pdf,Resumos das Unidades ,NATIVA,5,11722
Atopias_na_InfA_ncia__ebd46e16a7,EISCA - Ensino Integrado em Saúde da Criança e Adolescente\Resumos\Atopias na InfÃ¢ncia.pdf,EISCA - Ensino Integrado em Saúde da Criança e Adolescente,NATIVA,6,7658
AtualizeA5N6__cd97472180,EISCA - Ensino Integrado em Saúde da Criança e Adolescente\Slides Aulas\AtualizeA5N6.pdf,EISCA - Ensino Integrado em Saúde da Criança e Adolescente,NATIVA,12,35021
Aula_1_2021_1_Transtorno_Bipolar__c902ef25a4,EISM - Ensino Integrado em Saúde Mental\Slides Aulas\Slides Primeira Prova \Aula 1 - 2021.1 - Transtorno Bipolar.pdf,EISM - Ensino Integrado em Saúde Mental,NATIVA,32,14055
Avaliac_a_o_por_imagem_em_nefrologia__e68258f0dd,EISA II - Ensino Integrado em Saúde do Adulto II\NEFROLOGIA\Slides Aulas\Slides Primeira Prova \Avaliação por imagem em nefrologia.pptx,EISA II - Ensino Integrado em Saúde do Adulto II,ESCANEADA,28,2741
BEXIGA_NEUROGA_NICA_ATUALIZADA_Luiz_Luna__00b75194d2,EISA II - Ensino Integrado em Saúde do Adulto II\UROLOGIA\Slides Aulas \BEXIGA NEUROGÃNICA ATUALIZADA - Luiz Luna.pptx,EISA II - Ensino Integrado em Saúde do Adulto II,ESCANEADA,38,2871
BVA_Tratado_de_pediatria_5_ed_1___06c0891908,EISCA - Ensino Integrado em Saúde da Criança e Adolescente\Slides Aulas\Slides Primeira Prova \BVA-Tratado de pediatria 5 ed (1).pdf,EISCA - Ensino Integrado em Saúde da Criança e Adolescente,NATIVA,30,58680
BVA__de95b25ca5,EISCA - Ensino Integrado em Saúde da Criança e Adolescente\Slides Aulas\Slides Primeira Prova \BVA.pdf,EISCA - Ensino Integrado em Saúde da Criança e Adolescente,MISTA,29,10116
BVA_revista_Resid_Pedia_trica__a485e1f22f,EISCA - Ensino Integrado em Saúde da Criança e Adolescente\Slides Aulas\Slides Primeira Prova \BVA-revista Resid Pediátrica.pdf,EISCA - Ensino Integrado em Saúde da Criança e Adolescente,NATIVA,5,28108
Bexiga_neuroge_nica__d255c01ebc,EISA II - Ensino Integrado em Saúde do Adulto II\UROLOGIA\Resumos\Bexiga neurogênica.pdf,EISA II - Ensino Integrado em Saúde do Adulto II,NATIVA,7,11397
CASOS_CL_NICOS_RESUMO__249c11a613,CASOS CLÍNICOS\CASOS CLÍNICOS RESUMO.docx,CASOS CLÍNICOS,NATIVA,1,18515
CA_pr_stata_Ficha_Resumo__7b487917b2,EISA II - Ensino Integrado em Saúde do Adulto II\ONCOLOGIA\Resumos\CA próstata - Ficha Resumo.pdf,EISA II - Ensino Integrado em Saúde do Adulto II,NATIVA,1,2921
C_NCER_DE_PR_STATA_WILMA_VIVIANE__d002cb4f86,EISA II - Ensino Integrado em Saúde do Adulto II\ONCOLOGIA\Resumos\CÂNCER DE PRÓSTATA WILMA VIVIANE.pdf,EISA II - Ensino Integrado em Saúde do Adulto II,NATIVA,5,17152
C_ncer_de_Test_culo_docx__67d4fd1f6c,EISA II - Ensino Integrado em Saúde do Adulto II\UROLOGIA\Resumos\Câncer de Testículo.docx.pdf,EISA II - Ensino Integrado em Saúde do Adulto II,NATIVA,4,10242
C_ncer_de_pr_stata_docx_1___65bad8b9a8,EISA II - Ensino Integrado em Saúde do Adulto II\PATOLOGIA\Resumos\Câncer de próstata.docx (1).pdf,EISA II - Ensino Integrado em Saúde do Adulto II,NATIVA,2,4322
C_ncer_de_pr_stata_docx__6daea1f774,EISA II - Ensino Integrado em Saúde do Adulto II\UROLOGIA\Resumos\Câncer de próstata.docx.pdf,EISA II - Ensino Integrado em Saúde do Adulto II,NATIVA,2,4322
C_ncer_urol_gico_Onco_docx__bedb200d2e,EISA II - Ensino Integrado em Saúde do Adulto II\ONCOLOGIA\Resumos\Câncer urológico - Onco.docx.pdf,EISA II - Ensino Integrado em Saúde do Adulto II,NATIVA,6,16813
Cardio_GUIA_DE_BOLSO_Diretrizes_Febre_Reumatica__4226a18dd2,EISCA - Ensino Integrado em Saúde da Criança e Adolescente\Slides Aulas\Cardio_GUIA_DE_BOLSO_Diretrizes_ Febre_Reumatica.pdf,EISCA - Ensino Integrado em Saúde da Criança e Adolescente,NATIVA,11,20340
Casos_Cli_nicos_P7_1__4f3f459b20,CASOS CLÍNICOS\Slides Aulas \Casos Clínicos P7 1.pdf,CASOS CLÍNICOS,ESCANEADA,19,1933
Casos_cli_nicos_Prof_Narriane_Chaves__f0a6616ad6,EISA II - Ensino Integrado em Saúde do Adulto II\ENDOCRINOLOGIA\Casos clínicos Prof Narriane Chaves.pdf,EISA II - Ensino Integrado em Saúde do Adulto II,NATIVA,2,2789
Cefaleia_I_unidade__9cd7639c6e,Resumos das Unidades \SAÚDE DO ADULTO II\I UNIDADE\NEUROLOGIA\Cefaleia - I unidade.pdf,Resumos das Unidades ,NATIVA,6,12285
Cefaleia__44bc1a66d8,EISA II - Ensino Integrado em Saúde do Adulto II\NEUROLOGIA\Resumos\Cefaleia.pdf,EISA II - Ensino Integrado em Saúde do Adulto II,NATIVA,4,6795
Cefaleias__ecf14a1a72,EISA II - Ensino Integrado em Saúde do Adulto II\NEUROLOGIA\Resumos\Cefaleias.pdf,EISA II - Ensino Integrado em Saúde do Adulto II,NATIVA,7,13765
Co_pia_de_faculdade_de_medicina_nova_esperanc_a_1___eaddb424fb,CASOS CLÍNICOS\Slides Aulas \Cópia de faculdade de medicina nova esperança (1).pdf,CASOS CLÍNICOS,MISTA,26,6927
Complicac_o_es_DM_pdf__d5ec47a8ee,EISA II - Ensino Integrado em Saúde do Adulto II\ENDOCRINOLOGIA\Resumos\Complicações DM.pdf.pdf,EISA II - Ensino Integrado em Saúde do Adulto II,NATIVA,10,11576
Crescimento_e_desenvolvimento__03a4aa93bc,EISCA - Ensino Integrado em Saúde da Criança e Adolescente\Resumos\Crescimento e desenvolvimento.pdf,EISCA - Ensino Integrado em Saúde da Criança e Adolescente,NATIVA,4,5017
Cronograma_Casos_Cli_nicos_P7_2025_Dr_Noma_rio__f855930713,CASOS CLÍNICOS\Cronograma Casos Clínicos P7 2025 Dr Nomário.docx,CASOS CLÍNICOS,NATIVA,1,3600
DBHA_2020__deed973a25,EISA II - Ensino Integrado em Saúde do Adulto II\NEFROLOGIA\Slides Aulas\DBHA 2020.pdf,EISA II - Ensino Integrado em Saúde do Adulto II,NATIVA,143,713785
DEPRESSA_O_1___3e2302e5ae,EISM - Ensino Integrado em Saúde Mental\Resumos\DEPRESSÃO (1).pdf,EISM - Ensino Integrado em Saúde Mental,NATIVA,10,19188
DEVOLUTIVA_I_SM_2015_2__5a5a6af2ac,PROVAS ANTIGAS + DEVOLUTIVAS\Saúde Mental\Primeira Prova\DEVOLUTIVA I SM 2015.2.pdf,PROVAS ANTIGAS + DEVOLUTIVAS,NATIVA,4,5016
DIAG_SIND_DIAG_LAB_2024_2__048561d4fc,EISA II - Ensino Integrado em Saúde do Adulto II\NEFROLOGIA\Slides Aulas\Slides Primeira Prova \DIAG SIND + DIAG LAB 2024.2.pdf,EISA II - Ensino Integrado em Saúde do Adulto II,MISTA,87,19099
DIARRA_IAS_material_para_estudo_AVA_docx__1485e3fd8d,EISCA - Ensino Integrado em Saúde da Criança e Adolescente\Resumos\DIARRÃ_IAS material para estudo AVA.docx.docx,EISCA - Ensino Integrado em Saúde da Criança e Adolescente,NATIVA,1,2232
DOENCAS_EXANTEMATICAS__9adcf74177,EISCA - Ensino Integrado em Saúde da Criança e Adolescente\Slides Aulas\Slides Quarta Prova \DOENCAS EXANTEMATICAS.pdf,EISCA - Ensino Integrado em Saúde da Criança e Adolescente,ESCANEADA,7,0
DOENC_AS_DESMIELINIZANTES_2020__d29f785e2b,EISA II - Ensino Integrado em Saúde do Adulto II\NEUROLOGIA\Slides Aulas\DOENÇAS DESMIELINIZANTES-2020.pdf,EISA II - Ensino Integrado em Saúde do Adulto II,ESCANEADA,76,8783
DRC_2024_1_1___ca05068d36,EISA II - Ensino Integrado em Saúde do Adulto II\NEFROLOGIA\Slides Aulas\Slides Segunda Prova \DRC 2024.1 (1).pdf,EISA II - Ensino Integrado em Saúde do Adulto II,MISTA,53,16088
DRC_Doen_a_renal_cr_nica__2da7fa9f7a,EISA II - Ensino Integrado em Saúde do Adulto II\NEFROLOGIA\Resumos\DRC - Doença renal crônica.pdf,EISA II - Ensino Integrado em Saúde do Adulto II,NATIVA,2,5502
DST_pdf__9fcaa44f60,EISCA - Ensino Integrado em Saúde da Criança e Adolescente\Resumos\DST.pdf.pdf,EISCA - Ensino Integrado em Saúde da Criança e Adolescente,NATIVA,7,11162
Del_rium_e_dem_ncia_docx__14314da2e4,EISM - Ensino Integrado em Saúde Mental\Resumos\Delírium e demência.docx.pdf,EISM - Ensino Integrado em Saúde Mental,NATIVA,3,7428
Deme_ncias_III_unidade__b4f6343c43,Resumos das Unidades \SAÚDE DO ADULTO II\III UNIDADE\Neurologia\Demências - III unidade.pdf,Resumos das Unidades ,NATIVA,5,12011
Deme_ncias__7cd0ec2067,EISA II - Ensino Integrado em Saúde do Adulto II\NEUROLOGIA\Slides Aulas\Slides Terceira Prova \Demências.pdf,EISA II - Ensino Integrado em Saúde do Adulto II,MISTA,25,3476
Deme_ncias__be616163ac,EISM - Ensino Integrado em Saúde Mental\Slides Aulas\Demências.pdf,EISM - Ensino Integrado em Saúde Mental,MISTA,25,3476
Depress_o___728395147b,EISM - Ensino Integrado em Saúde Mental\Resumos\Depressão .pdf,EISM - Ensino Integrado em Saúde Mental,NATIVA,4,12364
Depressa_o__b18d58c2a5,EISM - Ensino Integrado em Saúde Mental\Resumos\Depressão.pdf,EISM - Ensino Integrado em Saúde Mental,NATIVA,11,20921
Depressa_o_e_Antidepressivos_pdf__100d0878e0,EISM - Ensino Integrado em Saúde Mental\Resumos\Depressa_o e Antidepressivos.pdf.pdf,EISM - Ensino Integrado em Saúde Mental,NATIVA,7,11216
Depressa_o_e_antidepressivos_I_unidade__68b07e464c,Resumos das Unidades \SAÚDE MENTAL\I UNIDADE\Depressão e antidepressivos - I unidade.pdf,Resumos das Unidades ,NATIVA,8,17272
Depressa_o_e_antidepressivos_pdf__970fb9ba98,EISM - Ensino Integrado em Saúde Mental\Resumos\Depressão e antidepressivos pdf.pdf,EISM - Ensino Integrado em Saúde Mental,NATIVA,6,11758
Diabetes_1_diagno_stico_classificac_a_o_e_quadro_cli_nico_I___7985d6db11,"Resumos das Unidades \SAÚDE DO ADULTO II\I UNIDADE\ENDÓCRINO\Diabetes 1 - diagnóstico, classificação e quadro clínico - I unidade.pdf",Resumos das Unidades ,NATIVA,11,22626
Diabetes_2_metas_de_tratamento_e_hipoglicemiantes_orais_I_un__6073fa6820,Resumos das Unidades \SAÚDE DO ADULTO II\I UNIDADE\ENDÓCRINO\Diabetes 2 - metas de tratamento e hipoglicemiantes orais - I unidade.pdf,Resumos das Unidades ,NATIVA,10,17635
Diabetes_3_insulinoterapia_I_unidade__6827ea5dfc,Resumos das Unidades \SAÚDE DO ADULTO II\I UNIDADE\ENDÓCRINO\Diabetes 3 - insulinoterapia - I unidade.pdf,Resumos das Unidades ,NATIVA,7,13457
Diabetes_5___828857ad38,EISA II - Ensino Integrado em Saúde do Adulto II\ENDOCRINOLOGIA\Slides Aulas\Slides Primeira Prova \Diabetes (5).pdf,EISA II - Ensino Integrado em Saúde do Adulto II,MISTA,33,7027
Diabetes_complica_es_agudas_e_cr_nicas_docx__560f1efbc4,EISA II - Ensino Integrado em Saúde do Adulto II\ENDOCRINOLOGIA\Resumos\Diabetes complicações agudas e crônicas.docx.pdf,EISA II - Ensino Integrado em Saúde do Adulto II,NATIVA,4,9474
Diabetes_complicac_o_es_agudas_e_cronicas___e78f327c9d,EISA II - Ensino Integrado em Saúde do Adulto II\ENDOCRINOLOGIA\Slides Aulas\Slides Primeira Prova \Diabetes- complicações agudas e cronicas .pdf,EISA II - Ensino Integrado em Saúde do Adulto II,ESCANEADA,15,2
Diabetes_mellitus_classificac_a_o_e_diagno_stico__df17fdabf7,EISA II - Ensino Integrado em Saúde do Adulto II\ENDOCRINOLOGIA\Resumos\Diabetes mellitus classificação e diagnóstico.pdf,EISA II - Ensino Integrado em Saúde do Adulto II,NATIVA,7,10274
Diabetes_mellitus_insulinoterapia__b65899b766,EISA II - Ensino Integrado em Saúde do Adulto II\ENDOCRINOLOGIA\Resumos\Diabetes mellitus insulinoterapia.pdf,EISA II - Ensino Integrado em Saúde do Adulto II,NATIVA,5,6253
Diabetes_pdf__16172942d8,EISA II - Ensino Integrado em Saúde do Adulto II\ENDOCRINOLOGIA\Resumos\Diabetes pdf.pdf,EISA II - Ensino Integrado em Saúde do Adulto II,NATIVA,7,11628
Diagno_stico_radiolo_gico_I_unidade__c66744abff,Resumos das Unidades \SAÚDE DO ADULTO II\I UNIDADE\NEFROLOGIA\Diagnóstico radiológico - I unidade.pdf,Resumos das Unidades ,NATIVA,8,11082
Diagnostico_Sindro_mico_pdf__738877900c,EISA II - Ensino Integrado em Saúde do Adulto II\NEFROLOGIA\Resumos\Diagnostico Sindrômico pdf.pdf,EISA II - Ensino Integrado em Saúde do Adulto II,NATIVA,7,12431
Diretriz_Para_O_Manejo_Da_Agitac_a_o_Psicomotora__0b56263bde,EISM - Ensino Integrado em Saúde Mental\Slides Aulas\Slides Primeira Prova \Diretriz Para O Manejo Da Agitação Psicomotora.pdf,EISM - Ensino Integrado em Saúde Mental,ESCANEADA,6,5
Dm_conceito_diagno_stico_classificac_a_o_2019_FAMENE__5443174de5,"EISA II - Ensino Integrado em Saúde do Adulto II\ENDOCRINOLOGIA\Slides Aulas\Slides Primeira Prova \Dm conceito, diagnóstico, classificação 2019 FAMENE.pdf",EISA II - Ensino Integrado em Saúde do Adulto II,MISTA,34,7414
Doen_a_Ocular_na_Inf_ncia__f839704b20,EISA II - Ensino Integrado em Saúde do Adulto II\OFTALMOLOGIA\Resumos\Doença Ocular na Infância.pdf,EISA II - Ensino Integrado em Saúde do Adulto II,NATIVA,6,8562
Doen_a_oculares_em_neurologia__3c0062fa7b,EISA II - Ensino Integrado em Saúde do Adulto II\OFTALMOLOGIA\Resumos\Doença oculares em neurologia.pdf,EISA II - Ensino Integrado em Saúde do Adulto II,NATIVA,2,3238
Doen_as_oculares_na_endocrinologia__e1d3a14087,EISA II - Ensino Integrado em Saúde do Adulto II\OFTALMOLOGIA\Resumos\Doenças oculares na endocrinologia.pdf,EISA II - Ensino Integrado em Saúde do Adulto II,NATIVA,4,9976
Doen_as_oculares_na_inf_ncia__29f506fffa,EISA II - Ensino Integrado em Saúde do Adulto II\OFTALMOLOGIA\Resumos\Doenças oculares na infância.pdf,EISA II - Ensino Integrado em Saúde do Adulto II,NATIVA,4,6759
Doenc_a_Hemoli_tica_do_Rece_m_nascido__ee5bcbbd06,EISCA - Ensino Integrado em Saúde da Criança e Adolescente\Resumos\Doença Hemolítica do Recém nascido.pdf,EISCA - Ensino Integrado em Saúde da Criança e Adolescente,NATIVA,7,11521
Doenc_a_Ocular_na_infa_ncia_pdf__26696f6e19,EISA II - Ensino Integrado em Saúde do Adulto II\OFTALMOLOGIA\Resumos\Doença Ocular na infância pdf.pdf,EISA II - Ensino Integrado em Saúde do Adulto II,NATIVA,9,12336
Doenc_a_renal_do_diabetes_III_unidade__a682b8eb7b,Resumos das Unidades \SAÚDE DO ADULTO II\III UNIDADE\Nefrologia\Doença renal do diabetes - III unidade.pdf,Resumos das Unidades ,NATIVA,9,17887
Doenc_as_Neuromusculares_1___1f93a37c3e,EISA II - Ensino Integrado em Saúde do Adulto II\NEUROLOGIA\Resumos\Doenças Neuromusculares(1).pdf,EISA II - Ensino Integrado em Saúde do Adulto II,NATIVA,5,6752
Doenc_as_Neuromusculares_2___c1f6234f28,EISA II - Ensino Integrado em Saúde do Adulto II\NEUROLOGIA\Resumos\Doenças Neuromusculares(2).pdf,EISA II - Ensino Integrado em Saúde do Adulto II,NATIVA,5,6752
Doenc_as_das_Paratireoides_e_Osteoporose_2___3eaa869450,EISA II - Ensino Integrado em Saúde do Adulto II\ENDOCRINOLOGIA\Slides Aulas\Slides Terceira Prova \Doenças das Paratireoides e Osteoporose (2).pdf,EISA II - Ensino Integrado em Saúde do Adulto II,MISTA,60,10961
Doenc_as_neuromusculares_III_unidade__ea38d8f852,Resumos das Unidades \SAÚDE DO ADULTO II\III UNIDADE\Neurologia\Doenças neuromusculares - III unidade.pdf,Resumos das Unidades ,NATIVA,6,12713
Doenc_as_neuromusculares__63e55fa0f2,EISA II - Ensino Integrado em Saúde do Adulto II\NEUROLOGIA\Slides Aulas\Slides Segunda Prova\Doenças neuromusculares.pdf,EISA II - Ensino Integrado em Saúde do Adulto II,ESCANEADA,32,549
Doenc_as_oculares_em_neurologia_docx_pdf__841a3e749f,EISA II - Ensino Integrado em Saúde do Adulto II\OFTALMOLOGIA\Resumos\Doenças oculares em neurologia.docx.pdf.pdf,EISA II - Ensino Integrado em Saúde do Adulto II,NATIVA,3,4370
Emerge_ncias_psiquia_tricas__ae601e5bab,EISM - Ensino Integrado em Saúde Mental\Resumos\Emergências psiquiátricas.pdf,EISM - Ensino Integrado em Saúde Mental,NATIVA,4,7946
Endocrino_DM_Complicac_o_es_da_DM__c729bbe6b1,EISA II - Ensino Integrado em Saúde do Adulto II\ENDOCRINOLOGIA\Resumos\Endocrino - DM - Complicações da DM.pdf,EISA II - Ensino Integrado em Saúde do Adulto II,NATIVA,8,10673
Endocrino_DM_diag_class_quadro_clinico__16859b52cf,"EISA II - Ensino Integrado em Saúde do Adulto II\ENDOCRINOLOGIA\Resumos\Endocrino - DM - diag, class, quadro clinico.pdf",EISA II - Ensino Integrado em Saúde do Adulto II,NATIVA,11,16186
Endocrino_DM_tto_da_DM2__5a8d25ac57,EISA II - Ensino Integrado em Saúde do Adulto II\ENDOCRINOLOGIA\Resumos\Endocrino - DM - tto da DM2.pdf,EISA II - Ensino Integrado em Saúde do Adulto II,NATIVA,10,11638
Endocrino_HIPERALDOSTERONISMO_E_FEOCROMOCITOMA__c676c30b7c,EISA II - Ensino Integrado em Saúde do Adulto II\ENDOCRINOLOGIA\Resumos\Endocrino - HIPERALDOSTERONISMO E FEOCROMOCITOMA.pdf,EISA II - Ensino Integrado em Saúde do Adulto II,NATIVA,8,12847
Endocrino_HIPERTIREOIDISMO__35874c30b5,EISA II - Ensino Integrado em Saúde do Adulto II\ENDOCRINOLOGIA\Resumos\Endocrino - HIPERTIREOIDISMO.pdf,EISA II - Ensino Integrado em Saúde do Adulto II,NATIVA,9,12173
Endocrino_HIPOPTUITARISMO__d315f39edb,EISA II - Ensino Integrado em Saúde do Adulto II\ENDOCRINOLOGIA\Resumos\Endocrino - HIPOPTUITARISMO.pdf,EISA II - Ensino Integrado em Saúde do Adulto II,NATIVA,7,7584
Endocrino_NO_DULOS_BENIGNOS_E_MALIGNOS_DA_TIREOIDE__c839df0ce4,EISA II - Ensino Integrado em Saúde do Adulto II\ENDOCRINOLOGIA\Resumos\Endocrino - NÓDULOS BENIGNOS E MALIGNOS DA TIREOIDE.pdf,EISA II - Ensino Integrado em Saúde do Adulto II,NATIVA,9,13123
Endocrino_OBESIDADE_E_SA_NDROME_METABA_LICA__79c20cd26e,EISA II - Ensino Integrado em Saúde do Adulto II\ENDOCRINOLOGIA\Resumos\Endocrino - OBESIDADE E SÃ_NDROME METABÃ_LICA.pdf,EISA II - Ensino Integrado em Saúde do Adulto II,NATIVA,6,11053
Endrocrino_HIPERANDROGENISMO_1___5d35fd472c,EISA II - Ensino Integrado em Saúde do Adulto II\ENDOCRINOLOGIA\Resumos\Endrocrino - HIPERANDROGENISMO (1).pdf,EISA II - Ensino Integrado em Saúde do Adulto II,NATIVA,9,10296
Epilepsia__c07e537396,EISA II - Ensino Integrado em Saúde do Adulto II\NEUROLOGIA\Resumos\Epilepsia.pdf,EISA II - Ensino Integrado em Saúde do Adulto II,NATIVA,7,16934
Erisipela_III_unidade__1b91c3dec3,Resumos das Unidades \SAÚDE DO ADULTO II\III UNIDADE\Angiologia\Erisipela - III unidade.pdf,Resumos das Unidades ,NATIVA,4,6880
Esquizofrenia_1___54285f3ef4,EISM - Ensino Integrado em Saúde Mental\Resumos\Esquizofrenia (1).pdf,EISM - Ensino Integrado em Saúde Mental,NATIVA,3,8150
Esquizofrenia_II_unidade__41783f009c,Resumos das Unidades \SAÚDE MENTAL\II UNIDADE\PSIQUIATRIA\Esquizofrenia- II unidade.pdf,Resumos das Unidades ,NATIVA,9,19811
Esquizofrenia__5d54b28c4d,EISM - Ensino Integrado em Saúde Mental\Resumos\Esquizofrenia.pdf,EISM - Ensino Integrado em Saúde Mental,NATIVA,12,15743
Esquizofrenia_e_antipsic_ticos__4b3ccca107,EISM - Ensino Integrado em Saúde Mental\Slides Aulas\Slides Segunda Prova \Esquizofrenia e antipsicóticos.pdf,EISM - Ensino Integrado em Saúde Mental,ESCANEADA,39,1846
Esquizofrenia_pdf__bc5e01ca56,EISM - Ensino Integrado em Saúde Mental\Resumos\Esquizofrenia pdf.pdf,EISM - Ensino Integrado em Saúde Mental,NATIVA,6,10760
FACILITA_OSCE_1___6c6a714b3e,OSCE P7\FACILITA OSCE (1).pdf,OSCE P7,NATIVA,67,102961
FAMENE_FARMACOTERAPIA_DAS_CONVULSO_ES_2024_2__f60caaf147,FARMACOLOGIA\Slides Aulas\Slides Quarta Prova \FAMENE - FARMACOTERAPIA DAS CONVULSÕES - 2024.2.pdf,FARMACOLOGIA,MISTA,36,11172
FAMENE_FARMACOTERAPIA_DAS_PSICOSES_2025_1__e5e9511748,FARMACOLOGIA\Slides Aulas\Slides Quarta Prova \FAMENE - FARMACOTERAPIA DAS PSICOSES - 2025.1.pdf,FARMACOLOGIA,NATIVA,38,20366
FAMENE_FARMACOTERAPIA_DA_INSO_NIA_E_ANSIEDADE_2024_2__f4edb4a564,FARMACOLOGIA\Slides Aulas\FAMENE - FARMACOTERAPIA DA INSÔNIA E ANSIEDADE - 2024.2.pdf,FARMACOLOGIA,MISTA,43,13149
Farmacoterapia_das_dislipidemias_III_unidade__cae4ec9561,Resumos das Unidades \SAÚDE DO ADULTO II\III UNIDADE\Farmacologia\Farmacoterapia das dislipidemias - III unidade.pdf,Resumos das Unidades ,NATIVA,13,25609
Farmacoterapia_no_DM_1_parte_I_unidade__09d4d95fe9,Resumos das Unidades \SAÚDE DO ADULTO II\I UNIDADE\FARMACOLOGIA\Farmacoterapia no DM - 1ª parte - I unidade.pdf,Resumos das Unidades ,NATIVA,8,18595
Farmacoterapia_no_DM_2_parte_I_unidade__b7dabc93a3,Resumos das Unidades \SAÚDE DO ADULTO II\I UNIDADE\FARMACOLOGIA\Farmacoterapia no DM - 2ª parte - I unidade.pdf,Resumos das Unidades ,NATIVA,7,14226
Farmacoterapia_no_Diabetes__a25f0bdd34,FARMACOLOGIA\Resumos \Farmacoterapia no Diabetes.pdf,FARMACOLOGIA,NATIVA,7,8780
Febre_ReumA_tica__0d0b6f3c26,EISCA - Ensino Integrado em Saúde da Criança e Adolescente\Resumos\Febre ReumÃ¡tica.pdf,EISCA - Ensino Integrado em Saúde da Criança e Adolescente,NATIVA,4,7612
Febre_Reuma_tica__2ada2e3cf7,EISCA - Ensino Integrado em Saúde da Criança e Adolescente\Slides Aulas\Slides Terceira Prova\Febre Reumática.pdf,EISCA - Ensino Integrado em Saúde da Criança e Adolescente,NATIVA,9,33851
Febre_Reuma_tica__57c88ce896,EISCA - Ensino Integrado em Saúde da Criança e Adolescente\Resumos\Febre Reumática.pdf,EISCA - Ensino Integrado em Saúde da Criança e Adolescente,NATIVA,5,7236
Ganho_de_Peso_1___c870af3fac,CASOS CLÍNICOS\Slides Aulas \Ganho de Peso (1).pdf,CASOS CLÍNICOS,MISTA,24,7068
Glomerulopatia_Secunda_ria__e2c6bd4d58,EISA II - Ensino Integrado em Saúde do Adulto II\NEFROLOGIA\Resumos\Glomerulopatia Secundária.pdf,EISA II - Ensino Integrado em Saúde do Adulto II,NATIVA,10,19233
Glomerulopatias_Secund_rias__9af4f064dd,EISA II - Ensino Integrado em Saúde do Adulto II\NEFROLOGIA\Resumos\Glomerulopatias Secundárias.pdf,EISA II - Ensino Integrado em Saúde do Adulto II,NATIVA,1,3003
Glomerulopatias_Secundarias_SAII_1__1e7727c4b1,EISA II - Ensino Integrado em Saúde do Adulto II\NEFROLOGIA\Slides Aulas\Glomerulopatias Secundarias - SAII-1.pdf,EISA II - Ensino Integrado em Saúde do Adulto II,MISTA,20,4005
HIPERANDROGENISMO_20250415_152135_0000__4e65401348,EISA II - Ensino Integrado em Saúde do Adulto II\ENDOCRINOLOGIA\Slides Aulas\Slides Terceira Prova \HIPERANDROGENISMO_20250415_152135_0000.pdf,EISA II - Ensino Integrado em Saúde do Adulto II,MISTA,45,12451
HIPERFUN_O_HIPOFIS_RIA_PARTE_01__0c915df866,EISA II - Ensino Integrado em Saúde do Adulto II\ENDOCRINOLOGIA\Slides Aulas\Slides Quarta Prova\HIPERFUNÇÃO HIPOFISÁRIA PARTE 01.pptx,EISA II - Ensino Integrado em Saúde do Adulto II,MISTA,19,5278
HIPERTIREOIDISMO__6e9927aae4,EISA II - Ensino Integrado em Saúde do Adulto II\ENDOCRINOLOGIA\Slides Aulas\Slides Segunda Prova\HIPERTIREOIDISMO.pdf,EISA II - Ensino Integrado em Saúde do Adulto II,ESCANEADA,21,2012
HIPOTIREOIDISMO_2025_1__82e83b6322,EISA II - Ensino Integrado em Saúde do Adulto II\ENDOCRINOLOGIA\Slides Aulas\Slides Segunda Prova\HIPOTIREOIDISMO_2025.1.pdf,EISA II - Ensino Integrado em Saúde do Adulto II,MISTA,55,13785
HPB__e82ef1bb0e,EISA II - Ensino Integrado em Saúde do Adulto II\UROLOGIA\Resumos\HPB.pdf,EISA II - Ensino Integrado em Saúde do Adulto II,NATIVA,4,13574
HPB_e_ca_ncer_de_pro_stata_anatomia_patolo_gica_II_unidade__120e76f18e,Resumos das Unidades \SAÚDE DO ADULTO II\II UNIDADE\ANATOMIA PATOLÓGICA\HPB e câncer de próstata - anatomia patológica - II unidade.pdf,Resumos das Unidades ,NATIVA,5,10964
HPB_pdf__fbcd79437f,EISA II - Ensino Integrado em Saúde do Adulto II\UROLOGIA\Resumos\HPB.pdf.pdf,EISA II - Ensino Integrado em Saúde do Adulto II,NATIVA,8,12102
HUMANIZAC_A_O_NA_UTI__0ffaa0c1aa,EISCA - Ensino Integrado em Saúde da Criança e Adolescente\Resumos\HUMANIZAÇÃO NA UTI.pdf,EISCA - Ensino Integrado em Saúde da Criança e Adolescente,NATIVA,3,6120
Hemoglobinopatias_Tratado_de_ped_5_ed_2022__d2c3943546,EISCA - Ensino Integrado em Saúde da Criança e Adolescente\Slides Aulas\Slides Quarta Prova \Hemoglobinopatias-Tratado de ped 5 ed. - 2022.pdf,EISCA - Ensino Integrado em Saúde da Criança e Adolescente,NATIVA,30,55920
Hiperaldosteronismo_e_Feocromocitoma__e3dadc3b4b,EISA II - Ensino Integrado em Saúde do Adulto II\ENDOCRINOLOGIA\Resumos\Hiperaldosteronismo e Feocromocitoma.pdf,EISA II - Ensino Integrado em Saúde do Adulto II,NATIVA,8,10640
Hiperandrogenismo_III_unidade__1a314ecc51,Resumos das Unidades \SAÚDE DO ADULTO II\III UNIDADE\Endocrinologia\Hiperandrogenismo - III unidade.pdf,Resumos das Unidades ,NATIVA,11,22525
Hiperandrogenismo__87fcbd7d4c,EISA II - Ensino Integrado em Saúde do Adulto II\ENDOCRINOLOGIA\Resumos\Hiperandrogenismo.pdf,EISA II - Ensino Integrado em Saúde do Adulto II,NATIVA,7,11871
Hiperplasia_Prosta_tica_pdf__9fc1d2150c,EISA II - Ensino Integrado em Saúde do Adulto II\UROLOGIA\Resumos\Hiperplasia Prostática pdf.pdf,EISA II - Ensino Integrado em Saúde do Adulto II,NATIVA,4,8088
Hiperplasia_prost_tica__ed530b4de1,EISA II - Ensino Integrado em Saúde do Adulto II\UROLOGIA\Resumos\Hiperplasia prostática.pdf,EISA II - Ensino Integrado em Saúde do Adulto II,NATIVA,4,11549
Hiperplasia_prosta_tica_benigna_I_unidade__241c087b80,Resumos das Unidades \SAÚDE DO ADULTO II\I UNIDADE\UROLOGIA\Hiperplasia prostática benigna - I unidade.pdf,Resumos das Unidades ,NATIVA,7,15736
Hiperplasia_prosta_tica_benigna__622ecccb66,EISA II - Ensino Integrado em Saúde do Adulto II\UROLOGIA\Resumos\Hiperplasia prostática benigna.pdf,EISA II - Ensino Integrado em Saúde do Adulto II,NATIVA,6,9251
Hipertireoidismo_docx__d25177aacc,EISA II - Ensino Integrado em Saúde do Adulto II\ENDOCRINOLOGIA\Resumos\Hipertireoidismo.docx.pdf,EISA II - Ensino Integrado em Saúde do Adulto II,NATIVA,4,12063
Hipno_ticos_III_unidade__c1b545089c,Resumos das Unidades \SAÚDE DO ADULTO II\III UNIDADE\Farmacologia\Hipnóticos - III unidade.pdf,Resumos das Unidades ,NATIVA,3,7576
Hipotireoidismo_II_unidade__abb7fa5c58,Resumos das Unidades \SAÚDE DO ADULTO II\II UNIDADE\ENDÓCRINO\Hipotireoidismo - II unidade.pdf,Resumos das Unidades ,NATIVA,10,18027
Hipotireoidismo_pdf_1___af4adf55d6,EISA II - Ensino Integrado em Saúde do Adulto II\ENDOCRINOLOGIA\Resumos\Hipotireoidismo.pdf (1).pdf,EISA II - Ensino Integrado em Saúde do Adulto II,NATIVA,6,17471
Hipotireoidismo_pdf__d416805cb5,EISA II - Ensino Integrado em Saúde do Adulto II\ENDOCRINOLOGIA\Resumos\Hipotireoidismo.pdf.pdf,EISA II - Ensino Integrado em Saúde do Adulto II,NATIVA,11,11985
IST_ATUALIZADA_POWER_POINT_Luiz_Luna__8331d211b3,EISA II - Ensino Integrado em Saúde do Adulto II\UROLOGIA\Slides Aulas \Slides Terceira Prova\IST-ATUALIZADA POWER POINT - Luiz Luna.pdf,EISA II - Ensino Integrado em Saúde do Adulto II,MISTA,63,11660
ITU__aa10c88150,EISCA - Ensino Integrado em Saúde da Criança e Adolescente\Slides Aulas\Slides Terceira Prova\ITU.pdf,EISCA - Ensino Integrado em Saúde da Criança e Adolescente,MISTA,44,12832
IVAS__c9c0ca127f,EISCA - Ensino Integrado em Saúde da Criança e Adolescente\Slides Aulas\Slides Segunda Prova \IVAS.pdf,EISCA - Ensino Integrado em Saúde da Criança e Adolescente,MISTA,64,13232
Icteri_cia_Neonatal__7310cb4e44,EISCA - Ensino Integrado em Saúde da Criança e Adolescente\Resumos\Icterícia Neonatal.pdf,EISCA - Ensino Integrado em Saúde da Criança e Adolescente,NATIVA,7,12271
Icteri_cianeonatal2021_Joa_o_Medeiros__e4f2f5101b,EISCA - Ensino Integrado em Saúde da Criança e Adolescente\Slides Aulas\Slides Terceira Prova\Icterícianeonatal2021 - João Medeiros.pdf,EISCA - Ensino Integrado em Saúde da Criança e Adolescente,MISTA,51,10872
Imunizac_a_o_ativa_e_Passiva_2021_Joa_o_Medeiros__830d00b9a4,EISCA - Ensino Integrado em Saúde da Criança e Adolescente\Slides Aulas\Slides Quarta Prova \Imunização ativa e Passiva 2021 - João Medeiros.pdf,EISCA - Ensino Integrado em Saúde da Criança e Adolescente,MISTA,46,13874
Imunizac_o_es__530d7bac20,EISCA - Ensino Integrado em Saúde da Criança e Adolescente\Resumos\Imunizações.pdf,EISCA - Ensino Integrado em Saúde da Criança e Adolescente,NATIVA,9,12232
InfecA_A_o_do_trato_UrinA_rio__db7c831f2f,EISCA - Ensino Integrado em Saúde da Criança e Adolescente\Resumos\InfecÃ§Ã£o do trato UrinÃ¡rio.pdf,EISCA - Ensino Integrado em Saúde da Criança e Adolescente,NATIVA,7,10505
Inju_ria_renal_aguda_II_unidade__6a138171d7,Resumos das Unidades \SAÚDE DO ADULTO II\II UNIDADE\NEFROLOGIA\Injúria renal aguda - II unidade.pdf,Resumos das Unidades ,NATIVA,8,17248
Insulinoterapia_1___475cb4442b,EISA II - Ensino Integrado em Saúde do Adulto II\ENDOCRINOLOGIA\Slides Aulas\Slides Primeira Prova \Insulinoterapia (1).pdf,EISA II - Ensino Integrado em Saúde do Adulto II,ESCANEADA,44,5127
Insulinoterapia_pdf__961c14c9a3,EISA II - Ensino Integrado em Saúde do Adulto II\ENDOCRINOLOGIA\Resumos\Insulinoterapia.pdf.pdf,EISA II - Ensino Integrado em Saúde do Adulto II,NATIVA,5,7044
Interpretac_a_o_de_HMG_Tratado_de_ped_5_ed_2022__4dd5a3daa7,EISCA - Ensino Integrado em Saúde da Criança e Adolescente\Slides Aulas\Slides Quarta Prova \Interpretação de HMG-Tratado de ped- 5 ed. - 2022.pdf,EISCA - Ensino Integrado em Saúde da Criança e Adolescente,NATIVA,28,56073
Introduc_a_o_a_psquiatria__905c8170fe,EISM - Ensino Integrado em Saúde Mental\Resumos\Introdução à psquiatria.pdf,EISM - Ensino Integrado em Saúde Mental,NATIVA,5,11561
LRA_Les_o_renal_aguda_docx__7e5ef43e9f,EISA II - Ensino Integrado em Saúde do Adulto II\NEFROLOGIA\Resumos\LRA - Lesão renal aguda.docx.pdf,EISA II - Ensino Integrado em Saúde do Adulto II,NATIVA,3,7507
Lesa_o_renal_aguda__0a0674f8cb,EISA II - Ensino Integrado em Saúde do Adulto II\NEFROLOGIA\Resumos\Lesão renal aguda.pdf,EISA II - Ensino Integrado em Saúde do Adulto II,NATIVA,4,4200
Leucemia__ef884f25da,EISCA - Ensino Integrado em Saúde da Criança e Adolescente\Slides Aulas\Slides Quarta Prova \Leucemia.pdf,EISCA - Ensino Integrado em Saúde da Criança e Adolescente,ESCANEADA,18,0
Leucemias_Agudas_pdf_1___0541508acd,EISCA - Ensino Integrado em Saúde da Criança e Adolescente\Resumos\Leucemias Agudas.pdf (1).pdf,EISCA - Ensino Integrado em Saúde da Criança e Adolescente,NATIVA,4,8692
Leucemias_Agudas_pdf__0287d58f79,EISCA - Ensino Integrado em Saúde da Criança e Adolescente\Resumos\Leucemias Agudas.pdf.pdf,EISCA - Ensino Integrado em Saúde da Criança e Adolescente,NATIVA,4,8692
Liti_ase_Urina_ria_pdf__54fab59ea6,EISA II - Ensino Integrado em Saúde do Adulto II\NEFROLOGIA\Resumos\Litíase Urinária pdf.pdf,EISA II - Ensino Integrado em Saúde do Adulto II,NATIVA,9,14545
Liti_ase_urina_ria_II_unidade__6a41fd7eef,Resumos das Unidades \SAÚDE DO ADULTO II\II UNIDADE\UROLOGIA\Litíase urinária - II unidade.pdf,Resumos das Unidades ,NATIVA,8,17806
Mariah_Carvalho_Mo_dulo_Sau_de_Mental__2b7d072985,EISM - Ensino Integrado em Saúde Mental\Mariah Carvalho- Módulo Saúde Mental.pdf,EISM - Ensino Integrado em Saúde Mental,NATIVA,109,174287
Meningites__8f71393752,EISCA - Ensino Integrado em Saúde da Criança e Adolescente\Slides Aulas\Slides Quarta Prova \Meningites.pdf,EISCA - Ensino Integrado em Saúde da Criança e Adolescente,ESCANEADA,12,0
NEOPLASIA_DE_PROSTATA_RESUMIDA__58cfadd4e2,EISA II - Ensino Integrado em Saúde do Adulto II\UROLOGIA\Slides Aulas \Slides Segunda Prova \NEOPLASIA DE PROSTATA RESUMIDA.pptx,EISA II - Ensino Integrado em Saúde do Adulto II,MISTA,48,11763
NEOPLASIA_VESICAL_URO_Larissa_Pinheiro__2de53fcf0a,EISA II - Ensino Integrado em Saúde do Adulto II\UROLOGIA\Resumos\NEOPLASIA VESICAL - URO - Larissa Pinheiro.pdf,EISA II - Ensino Integrado em Saúde do Adulto II,NATIVA,9,24357
NEOPLASIA_VESICAL_WILMAVIVIANE__ac2bfe689a,EISA II - Ensino Integrado em Saúde do Adulto II\PATOLOGIA\Resumos\NEOPLASIA VESICAL WILMAVIVIANE.pdf,EISA II - Ensino Integrado em Saúde do Adulto II,NATIVA,4,12220
NEUROINFECOES2021__6f14ede5b5,EISA II - Ensino Integrado em Saúde do Adulto II\NEUROLOGIA\Slides Aulas\Slides Quarta Prova\NEUROINFECOES2021.pdf,EISA II - Ensino Integrado em Saúde do Adulto II,ESCANEADA,62,6973
N_dulos_benignos_e_malignos_da_tireoide__b350e1cf3f,EISA II - Ensino Integrado em Saúde do Adulto II\ENDOCRINOLOGIA\Resumos\Nódulos benignos e malignos da tireoide.pdf,EISA II - Ensino Integrado em Saúde do Adulto II,NATIVA,3,6040
Nefro_DOENC_A_RENAL_CRO_NICA__3429dee493,EISA II - Ensino Integrado em Saúde do Adulto II\NEFROLOGIA\Resumos\Nefro - DOENÇA RENAL CRÔNICA.pdf,EISA II - Ensino Integrado em Saúde do Adulto II,NATIVA,7,10285
Nefro_NEFROPATIA_DIABE_TICA__01f9e16a5f,EISA II - Ensino Integrado em Saúde do Adulto II\NEFROLOGIA\Resumos\Nefro - NEFROPATIA DIABÉTICA.pdf,EISA II - Ensino Integrado em Saúde do Adulto II,NATIVA,11,16161
Nefrologia_DoenA_a_renal_crA_nica_I__3be337baf2,EISA II - Ensino Integrado em Saúde do Adulto II\NEFROLOGIA\Resumos\Nefrologia - DoenÃ§a renal crÃ´nica I.pdf,EISA II - Ensino Integrado em Saúde do Adulto II,NATIVA,10,7508
Nefrologia_LesA_o_Renal_Aguda__47a54c6e95,EISA II - Ensino Integrado em Saúde do Adulto II\NEFROLOGIA\Resumos\Nefrologia - LesÃ£o Renal Aguda.pdf,EISA II - Ensino Integrado em Saúde do Adulto II,NATIVA,7,4521
Neoplasia_Vesical__5c4780f6ad,EISA II - Ensino Integrado em Saúde do Adulto II\PATOLOGIA\Resumos\Neoplasia Vesical.pdf,EISA II - Ensino Integrado em Saúde do Adulto II,NATIVA,6,9926
Neuro_COMA__3d9a975464,EISA II - Ensino Integrado em Saúde do Adulto II\NEUROLOGIA\Resumos\Neuro - COMA.pdf,EISA II - Ensino Integrado em Saúde do Adulto II,NATIVA,8,16825
Neuro_DISTA_RBIOS_DO_MOVIMENTO__5a0889bf9a,EISA II - Ensino Integrado em Saúde do Adulto II\NEUROLOGIA\Resumos\Neuro - DISTÃ_RBIOS DO MOVIMENTO.pdf,EISA II - Ensino Integrado em Saúde do Adulto II,NATIVA,7,10564
Neuro_TUMOR_DO_SNC__5de63a625b,EISA II - Ensino Integrado em Saúde do Adulto II\NEUROLOGIA\Resumos\Neuro - TUMOR DO SNC.pdf,EISA II - Ensino Integrado em Saúde do Adulto II,NATIVA,6,7795
Neuroblastoma__97ea516ab3,EISA II - Ensino Integrado em Saúde do Adulto II\NEUROLOGIA\Resumos\Neuroblastoma.pdf,EISA II - Ensino Integrado em Saúde do Adulto II,NATIVA,5,8941
Neuroblastoma__c984597fac,EISCA - Ensino Integrado em Saúde da Criança e Adolescente\Slides Aulas\Slides Segunda Prova \Neuroblastoma.pdf,EISCA - Ensino Integrado em Saúde da Criança e Adolescente,ESCANEADA,29,2302
NeuroinfecA_A_o__aa487fc832,EISA II - Ensino Integrado em Saúde do Adulto II\NEUROLOGIA\Resumos\NeuroinfecÃ§Ã£o.pdf,EISA II - Ensino Integrado em Saúde do Adulto II,NATIVA,6,7467
Neuroinfecc_a_o_II_unidade__1dd0d1591e,Resumos das Unidades \SAÚDE DO ADULTO II\II UNIDADE\NEUROLOGIA\Neuroinfecção - II unidade.pdf,Resumos das Unidades ,NATIVA,8,13886
Neurologia_AVCH_1___9f26db1751,EISA II - Ensino Integrado em Saúde do Adulto II\NEUROLOGIA\Resumos\Neurologia - AVCH (1).pdf,EISA II - Ensino Integrado em Saúde do Adulto II,NATIVA,10,21472
Neurologia_AVCH__111b013ac1,EISA II - Ensino Integrado em Saúde do Adulto II\NEUROLOGIA\Resumos\Neurologia - AVCH.pdf,EISA II - Ensino Integrado em Saúde do Adulto II,NATIVA,10,21472
No_dulos_benignos_e_malignos_da_tireoide__0b509e98ff,EISA II - Ensino Integrado em Saúde do Adulto II\ENDOCRINOLOGIA\Resumos\Nódulos benignos e malignos da tireoide.pdf,EISA II - Ensino Integrado em Saúde do Adulto II,NATIVA,13,23383
No_es_de_Neuroftalmologia__73862bfddf,EISA II - Ensino Integrado em Saúde do Adulto II\OFTALMOLOGIA\Slides Aulas\Slides Terceira Prova \Noções de Neuroftalmologia.pdf,EISA II - Ensino Integrado em Saúde do Adulto II,MISTA,46,9530
OBESIDADE_EXO_GENA_ALUNOS_Tratado_de_pediatria_2022__de111f3e83,EISCA - Ensino Integrado em Saúde da Criança e Adolescente\Slides Aulas\Slides Segunda Prova \OBESIDADE EXÓGENA ALUNOS- Tratado de pediatria - 2022.pdf,EISCA - Ensino Integrado em Saúde da Criança e Adolescente,NATIVA,25,44953
OSCE_ENDOCRINOLOGIA__4796d07aed,OSCE P7\OSCE - ENDOCRINOLOGIA.pdf,OSCE P7,NATIVA,4,8251
OSCE_NEFROLOGIA__c1940d57ac,OSCE P7\OSCE - NEFROLOGIA.pdf,OSCE P7,NATIVA,5,8918
OSCE_NEUROLOGIA__2cfa60427a,OSCE P7\OSCE - NEUROLOGIA.pdf,OSCE P7,NATIVA,8,12883
OSCE_PEDIATRIA__13530307b6,OSCE P7\OSCE - PEDIATRIA.pdf,OSCE P7,NATIVA,5,7229
OSCE_UROLOGIA__ed33b549c4,OSCE P7\OSCE - UROLOGIA.pdf,OSCE P7,NATIVA,7,11372
OSCE___42cf2d83f0,OSCE P7\OSCE .pdf,OSCE P7,NATIVA,101,45677
Obesidade_e_Sind_Metabo_lica__bd2e4b03f6,EISA II - Ensino Integrado em Saúde do Adulto II\ENDOCRINOLOGIA\Resumos\Obesidade e Sind. Metabólica.pdf,EISA II - Ensino Integrado em Saúde do Adulto II,NATIVA,8,10412
Oficina_Manejo_Cli_nico_do_DM__48bca328b6,EISA II - Ensino Integrado em Saúde do Adulto II\ENDOCRINOLOGIA\Slides Aulas\Slides Primeira Prova \Oficina Manejo Clínico do DM.pdf,EISA II - Ensino Integrado em Saúde do Adulto II,MISTA,45,12879
Onco_NEOPLASIAS_UROLO_GICAS__66462ee210,EISA II - Ensino Integrado em Saúde do Adulto II\ONCOLOGIA\Resumos\Onco - NEOPLASIAS UROLÓGICAS.pdf,EISA II - Ensino Integrado em Saúde do Adulto II,NATIVA,7,10342
Osteossarcoma_pdf__9b8b531f7c,EISCA - Ensino Integrado em Saúde da Criança e Adolescente\Resumos\Osteossarcoma.pdf.pdf,EISCA - Ensino Integrado em Saúde da Criança e Adolescente,NATIVA,3,4839
Otorrino_OTITES__abf617dabb,EISA II - Ensino Integrado em Saúde do Adulto II\OTORRINOLARINGOLOGIA\Resumos\Otorrino - OTITES.pdf,EISA II - Ensino Integrado em Saúde do Adulto II,NATIVA,4,7205
P7_AVC_Investigacao__3e99087656,EISA II - Ensino Integrado em Saúde do Adulto II\NEUROLOGIA\Slides Aulas\Slides Primeira Prova \P7 AVC Investigacao.pdf,EISA II - Ensino Integrado em Saúde do Adulto II,ESCANEADA,23,2668
P7_Epilepsia_pdff__4b408f8a34,EISA II - Ensino Integrado em Saúde do Adulto II\NEUROLOGIA\Slides Aulas\Slides Segunda Prova\P7 Epilepsia pdff.pdf,EISA II - Ensino Integrado em Saúde do Adulto II,MISTA,36,4656
P7_FAMENE_FARMACOLOGIA_DAS_DISLIPIDEMIAS_2025__766492937d,FARMACOLOGIA\Slides Aulas\Slides Quarta Prova \P7 - FAMENE - FARMACOLOGIA DAS DISLIPIDEMIAS 2025.pdf,FARMACOLOGIA,MISTA,58,15111
P7_FAMENE_FARMACOTERAPIA_DA_DEPRESSA_O_2025_1__9a72b4fec2,FARMACOLOGIA\Slides Aulas\Slides Segunda Prova \P7 - FAMENE - FARMACOTERAPIA DA DEPRESSÃO - 2025.1.pdf,FARMACOLOGIA,MISTA,60,21198
P7_FAMENE_FARMACOTERAPIA_DO_DIABETES_2025_1_1a_aula__52271174b7,FARMACOLOGIA\Slides Aulas\Slides Primeira Prova \P7 - FAMENE - FARMACOTERAPIA DO DIABETES - 2025.1 - 1a aula.pdf,FARMACOLOGIA,MISTA,70,18933
P7_FAMENE_FARMACOTERAPIA_DO_DIABETES_2025_1_2a_aula__09f55ba2de,FARMACOLOGIA\Slides Aulas\Slides Primeira Prova \P7 - FAMENE - FARMACOTERAPIA DO DIABETES - 2025.1 - 2a aula.pdf,FARMACOLOGIA,MISTA,74,21537
P7_avc_1__5ccf1d6c11,EISA II - Ensino Integrado em Saúde do Adulto II\NEUROLOGIA\Slides Aulas\Slides Primeira Prova \P7 avc 1.pdf,EISA II - Ensino Integrado em Saúde do Adulto II,MISTA,53,6687
PDF_Como_e_quando_encaminhar_para_o_nefrologista__6bcd9a270c,EISA II - Ensino Integrado em Saúde do Adulto II\NEFROLOGIA\Slides Aulas\PDF Como e quando encaminhar para o nefrologista.pdf,EISA II - Ensino Integrado em Saúde do Adulto II,NATIVA,23,9249
PDF_Glomerulopatias_1_s_2024_2__fe8a341554,EISA II - Ensino Integrado em Saúde do Adulto II\NEFROLOGIA\Slides Aulas\Slides Terceira Prova \PDF Glomerulopatias 1ªs 2024.2.pdf,EISA II - Ensino Integrado em Saúde do Adulto II,MISTA,62,16028
PNEUMONIA_COMUNITA_RIA___69a37644cb,EISCA - Ensino Integrado em Saúde da Criança e Adolescente\Slides Aulas\Slides Quarta Prova \PNEUMONIA COMUNITÁRIA .pdf,EISCA - Ensino Integrado em Saúde da Criança e Adolescente,NATIVA,27,17536
Parasitose_intestinal_Tratado_SBP__acc38cf1bc,EISCA - Ensino Integrado em Saúde da Criança e Adolescente\Slides Aulas\Slides Terceira Prova\Parasitose intestinal- Tratado SBP.pdf,EISCA - Ensino Integrado em Saúde da Criança e Adolescente,NATIVA,16,24142
Parasitoses__1f90f057b1,EISCA - Ensino Integrado em Saúde da Criança e Adolescente\Slides Aulas\Slides Terceira Prova\Parasitoses.pdf,EISCA - Ensino Integrado em Saúde da Criança e Adolescente,ESCANEADA,24,0
Patololgia_PATOLOGIA_DA_HPB_E_CA_DE_PRO_STATA__196593d772,EISA II - Ensino Integrado em Saúde do Adulto II\PATOLOGIA\Resumos\Patololgia - PATOLOGIA DA HPB E CA DE PRÓSTATA.pdf,EISA II - Ensino Integrado em Saúde do Adulto II,NATIVA,6,10990
Patololgia_TUMORES_DE_SNC__9db263f597,EISA II - Ensino Integrado em Saúde do Adulto II\PATOLOGIA\Resumos\Patololgia - TUMORES DE SNC.pdf,EISA II - Ensino Integrado em Saúde do Adulto II,NATIVA,5,10702
Patololgia_TUMORES_DE_SNC__dae7582db7,EISA II - Ensino Integrado em Saúde do Adulto II\NEUROLOGIA\Resumos\Patololgia - TUMORES DE SNC.pdf,EISA II - Ensino Integrado em Saúde do Adulto II,NATIVA,5,10702
Pe_diabe_tico_vascular_II_unidade__f5f690b7e4,Resumos das Unidades \SAÚDE DO ADULTO II\II UNIDADE\VASCULAR\Pé diabético - vascular - II unidade.pdf,Resumos das Unidades ,NATIVA,2,4239
Pediatria_ADOLESCA_NCIA__4300471fc6,EISCA - Ensino Integrado em Saúde da Criança e Adolescente\Resumos\Pediatria - ADOLESCÃ_NCIA.pdf,EISCA - Ensino Integrado em Saúde da Criança e Adolescente,NATIVA,6,8224
Pediatria_ADOLESCE_NCIA__b3f42bd43e,EISCA - Ensino Integrado em Saúde da Criança e Adolescente\Resumos\Pediatria - ADOLESCÊNCIA.pdf,EISCA - Ensino Integrado em Saúde da Criança e Adolescente,NATIVA,6,8224
Pediatria_CONVULSA_O_FEBRIL__c54cea60f1,EISCA - Ensino Integrado em Saúde da Criança e Adolescente\Resumos\Pediatria - CONVULSÃO FEBRIL.pdf,EISCA - Ensino Integrado em Saúde da Criança e Adolescente,NATIVA,6,9559
Pediatria_DOENC_AS_EXANTEMA_TICAS__a3b8a89a0f,EISCA - Ensino Integrado em Saúde da Criança e Adolescente\Resumos\Pediatria - DOENÇAS EXANTEMÁTICAS.pdf,EISCA - Ensino Integrado em Saúde da Criança e Adolescente,NATIVA,7,14245
Pediatria_SEMIOLOGIA_DO_RECEe_M__816c7efb84,EISCA - Ensino Integrado em Saúde da Criança e Adolescente\Resumos\Pediatria - SEMIOLOGIA DO RECEěM.pdf,EISCA - Ensino Integrado em Saúde da Criança e Adolescente,NATIVA,9,16727
Pneumonia_docx__11c947a032,EISCA - Ensino Integrado em Saúde da Criança e Adolescente\Resumos\Pneumonia.docx.pdf,EISCA - Ensino Integrado em Saúde da Criança e Adolescente,NATIVA,2,5101
Psiquiatria_DEPENDE_NCIA_QUI_MICA__e854a68d79,EISM - Ensino Integrado em Saúde Mental\Resumos\Psiquiatria - DEPENDÊNCIA QUÍMICA.pdf,EISM - Ensino Integrado em Saúde Mental,NATIVA,12,25659
Psiquiatria_ESQUIZOFRENIA_pdf__50f75805f1,EISM - Ensino Integrado em Saúde Mental\Resumos\Psiquiatria - ESQUIZOFRENIA.pdf.pdf,EISM - Ensino Integrado em Saúde Mental,NATIVA,6,11306
Psiquiatria_TRANSTORNOS_MENTAIS_ORGA_NICOS_1___cafd7e9f74,EISM - Ensino Integrado em Saúde Mental\Resumos\Psiquiatria - TRANSTORNOS MENTAIS ORGÂNICOS (1).pdf,EISM - Ensino Integrado em Saúde Mental,NATIVA,7,12720
Psiquiatria_TRANSTORNOS_MENTAIS_ORGA_NICOS__408a0a6c55,EISM - Ensino Integrado em Saúde Mental\Resumos\Psiquiatria - TRANSTORNOS MENTAIS ORGÂNICOS.pdf,EISM - Ensino Integrado em Saúde Mental,NATIVA,7,12720
Questo_es_otorrino_P7_pdf__253a0ca7f1,EISA II - Ensino Integrado em Saúde do Adulto II\OTORRINOLARINGOLOGIA\Questões otorrino P7.pdf.pdf,EISA II - Ensino Integrado em Saúde do Adulto II,NATIVA,2,3230
ROTEIRO_DE_ANAMNESE_ENDO_CRINO__21b691b7d9,EISA II - Ensino Integrado em Saúde do Adulto II\ENDOCRINOLOGIA\Resumos\ROTEIRO DE ANAMNESE - ENDÓCRINO.pdf,EISA II - Ensino Integrado em Saúde do Adulto II,NATIVA,2,5004
Rim_e_Gravidez_2021_2__8e028aff9d,EISA II - Ensino Integrado em Saúde do Adulto II\NEFROLOGIA\Slides Aulas\Rim e Gravidez 2021.2.pdf,EISA II - Ensino Integrado em Saúde do Adulto II,NATIVA,33,13623
SBP_Consenso_sobre_anemia_ferropriva__d93171e967,EISCA - Ensino Integrado em Saúde da Criança e Adolescente\Slides Aulas\Slides Quarta Prova \SBP-Consenso_sobre_anemia_ferropriva.pdf,EISCA - Ensino Integrado em Saúde da Criança e Adolescente,NATIVA,13,52528
SLIDES_TOC__5705990d4c,EISM - Ensino Integrado em Saúde Mental\Slides Aulas\Slides Terceira Prova \SLIDES TOC.pdf,EISM - Ensino Integrado em Saúde Mental,ESCANEADA,14,0
SM_Psiquiatria_SEXUALIDADE_HUMANA__1afb6498a4,EISM - Ensino Integrado em Saúde Mental\Resumos\SM_Psiquiatria - SEXUALIDADE HUMANA.pdf,EISM - Ensino Integrado em Saúde Mental,NATIVA,6,10050
SM_Psiquiatria_TRANSTORNOS_ALIMENTARES__033d08ff0c,EISM - Ensino Integrado em Saúde Mental\Resumos\SM_Psiquiatria - TRANSTORNOS ALIMENTARES.pdf,EISM - Ensino Integrado em Saúde Mental,NATIVA,5,7228
Sarcoma_de_Partes_Moles__1620b750e0,EISA II - Ensino Integrado em Saúde do Adulto II\ONCOLOGIA\Resumos\Sarcoma de Partes Moles.pdf,EISA II - Ensino Integrado em Saúde do Adulto II,NATIVA,3,4748
Sd_metab_lica__8e5c3c8899,EISA II - Ensino Integrado em Saúde do Adulto II\ENDOCRINOLOGIA\Resumos\Sd metabólica.pdf,EISA II - Ensino Integrado em Saúde do Adulto II,NATIVA,1,3892
Semiologia_do_RN_pdf__1c3f4c12c9,EISCA - Ensino Integrado em Saúde da Criança e Adolescente\Resumos\Semiologia do RN pdf.pdf,EISCA - Ensino Integrado em Saúde da Criança e Adolescente,NATIVA,3,6838
Semiologia_do_adolescente_pdf__39a1dbc603,EISCA - Ensino Integrado em Saúde da Criança e Adolescente\Resumos\Semiologia do adolescente pdf.pdf,EISCA - Ensino Integrado em Saúde da Criança e Adolescente,NATIVA,4,7291
Semiologia_em_Neo_pdf__30250c5805,EISCA - Ensino Integrado em Saúde da Criança e Adolescente\Resumos\Semiologia em Neo.pdf.pdf,EISCA - Ensino Integrado em Saúde da Criança e Adolescente,NATIVA,7,8333
Sepse_e_meningite_neonatal_1___3f944eba57,EISCA - Ensino Integrado em Saúde da Criança e Adolescente\Resumos\Sepse e meningite neonatal (1).pdf,EISCA - Ensino Integrado em Saúde da Criança e Adolescente,NATIVA,5,5758
Sepse_e_meningite_neonatal__1057d8e64e,EISCA - Ensino Integrado em Saúde da Criança e Adolescente\Resumos\Sepse e meningite neonatal.pdf,EISCA - Ensino Integrado em Saúde da Criança e Adolescente,NATIVA,4,7527
Slide_Doen_a_Ocular_na_inf_ncia___e681e43aa9,EISA II - Ensino Integrado em Saúde do Adulto II\OFTALMOLOGIA\Slides Aulas\Slides Segunda Prova \Slide- Doença Ocular na infância_.pptx,EISA II - Ensino Integrado em Saúde do Adulto II,MISTA,36,9353
Slides_N_dulos_CA_de_tireoide_sem_cuca_s_notes___bd502a2745,EISA II - Ensino Integrado em Saúde do Adulto II\ENDOCRINOLOGIA\Slides Aulas\Slides Segunda Prova\Slides Nódulos +CA de tireoide ( sem cuca_s notes).pdf,EISA II - Ensino Integrado em Saúde do Adulto II,ESCANEADA,8,0
Slides_Obesidade_Infantil__56efb4ca33,EISCA - Ensino Integrado em Saúde da Criança e Adolescente\Slides Aulas\Slides Segunda Prova \Slides Obesidade Infantil.pdf,EISCA - Ensino Integrado em Saúde da Criança e Adolescente,ESCANEADA,31,2258
Surdez_e_Vertigem__21211b898b,EISA II - Ensino Integrado em Saúde do Adulto II\OTORRINOLARINGOLOGIA\Resumos\Surdez e Vertigem.pdf,EISA II - Ensino Integrado em Saúde do Adulto II,NATIVA,3,5648
TP__e87eacc7da,EISM - Ensino Integrado em Saúde Mental\Resumos\TP.pdf,EISM - Ensino Integrado em Saúde Mental,NATIVA,4,10598
TRAUMATISMO_CRANIO_ENCEFALICO__a11286e20c,EISA II - Ensino Integrado em Saúde do Adulto II\NEUROLOGIA\Slides Aulas\Slides Primeira Prova \TRAUMATISMO CRANIO-ENCEFALICO.pptx,EISA II - Ensino Integrado em Saúde do Adulto II,MISTA,46,7859
Transtorno_Bipolar_1___75fbe3e4d0,EISM - Ensino Integrado em Saúde Mental\Resumos\Transtorno Bipolar (1).pdf,EISM - Ensino Integrado em Saúde Mental,NATIVA,2,5917
Transtorno_Deficit_de_Atenc_a_o__1792c773b9,EISM - Ensino Integrado em Saúde Mental\Resumos\Transtorno Deficit de Atenção.pdf,EISM - Ensino Integrado em Saúde Mental,NATIVA,3,6052
Transtorno_Obsessivo_Compulsivo__696f85266c,EISM - Ensino Integrado em Saúde Mental\Resumos\Transtorno Obsessivo-Compulsivo.pdf,EISM - Ensino Integrado em Saúde Mental,NATIVA,4,5948
Transtorno_bipolar__6d1cddef8b,EISM - Ensino Integrado em Saúde Mental\Resumos\Transtorno bipolar.pdf,EISM - Ensino Integrado em Saúde Mental,NATIVA,9,12334
Transtorno_bipolar_pdf__dc69aa8c73,EISM - Ensino Integrado em Saúde Mental\Resumos\Transtorno bipolar pdf.pdf,EISM - Ensino Integrado em Saúde Mental,NATIVA,5,9817
Transtorno_de_Ansiedade_e_de_P_nico__58a2231d19,EISM - Ensino Integrado em Saúde Mental\Slides Aulas\Slides Segunda Prova \Transtorno de Ansiedade e de Pânico.pdf,EISM - Ensino Integrado em Saúde Mental,MISTA,34,6663
Transtorno_de_ansiedade_II_unidade__d822ab75a3,Resumos das Unidades \SAÚDE MENTAL\II UNIDADE\PSIQUIATRIA\Transtorno de ansiedade - II unidade.pdf,Resumos das Unidades ,NATIVA,7,15905
Transtorno_de_ansiedade_docx__39af1dd7f3,EISM - Ensino Integrado em Saúde Mental\Resumos\Transtorno de ansiedade.docx.pdf,EISM - Ensino Integrado em Saúde Mental,NATIVA,3,7670
Transtorno_de_ansiedade_docx_pdf_pdf__09bee4c93d,EISM - Ensino Integrado em Saúde Mental\Resumos\Transtorno de ansiedade.docx.pdf.pdf.pdf,EISM - Ensino Integrado em Saúde Mental,NATIVA,3,7670
Transtorno_de_personalidade_docx__4a8370a909,EISM - Ensino Integrado em Saúde Mental\Resumos\Transtorno de personalidade.docx.pdf,EISM - Ensino Integrado em Saúde Mental,NATIVA,4,10933
Transtornos_Alimentares__f20cd7390a,EISM - Ensino Integrado em Saúde Mental\Slides Aulas\Slides Segunda Prova \Transtornos Alimentares.pdf,EISM - Ensino Integrado em Saúde Mental,ESCANEADA,37,1107
Transtornos_Org_nicos__65db2d2b7d,EISM - Ensino Integrado em Saúde Mental\Resumos\Transtornos Orgânicos.pdf,EISM - Ensino Integrado em Saúde Mental,NATIVA,7,11560
Transtornos_alimentares_III_unidade__3fc0ee59f0,Resumos das Unidades \SAÚDE MENTAL\III UNIDADE\Transtornos alimentares - III unidade.pdf,Resumos das Unidades ,NATIVA,7,12608
Transtornos_mentais_e_comportamentais_relacionados_ao_puerpe__d60fdbc256,Resumos das Unidades \SAÚDE MENTAL\I UNIDADE\Transtornos mentais e comportamentais relacionados ao puerpério - I unidade.pdf,Resumos das Unidades ,NATIVA,7,16629
Transtornos_por_abuso_de_substancias___136c015a4a,EISM - Ensino Integrado em Saúde Mental\Slides Aulas\Slides Terceira Prova \Transtornos por abuso de substancias  .pdf,EISM - Ensino Integrado em Saúde Mental,MISTA,5,944
Tratamento_de_DM_II_pdf__19261fd73c,EISA II - Ensino Integrado em Saúde do Adulto II\ENDOCRINOLOGIA\Resumos\Tratamento de DM II.pdf.pdf,EISA II - Ensino Integrado em Saúde do Adulto II,NATIVA,4,5069
Trauma_Genitourin_rio_Ficha_Resumo__b2e7a9ef06,EISA II - Ensino Integrado em Saúde do Adulto II\UROLOGIA\Resumos\Trauma Genitourinário - Ficha Resumo.pdf,EISA II - Ensino Integrado em Saúde do Adulto II,NATIVA,1,3353
Trauma_urogenital__b07166e041,EISA II - Ensino Integrado em Saúde do Adulto II\UROLOGIA\Resumos\Trauma urogenital.pdf,EISA II - Ensino Integrado em Saúde do Adulto II,NATIVA,14,18448
Tumor_de_Wilms__96192b5d5a,EISCA - Ensino Integrado em Saúde da Criança e Adolescente\Slides Aulas\Slides Segunda Prova \Tumor de Wilms.pdf,EISCA - Ensino Integrado em Saúde da Criança e Adolescente,ESCANEADA,37,2994
Tumor_de_Wilms__bf002c7f4a,EISCA - Ensino Integrado em Saúde da Criança e Adolescente\Resumos\Tumor de Wilms.pdf,EISCA - Ensino Integrado em Saúde da Criança e Adolescente,NATIVA,5,7263
Tumor_de_Wilms_pdf__b59a97843e,EISCA - Ensino Integrado em Saúde da Criança e Adolescente\Resumos\Tumor de Wilms pdf.pdf,EISCA - Ensino Integrado em Saúde da Criança e Adolescente,NATIVA,4,6969
Tumores_SNC__bca562a8a2,EISCA - Ensino Integrado em Saúde da Criança e Adolescente\Slides Aulas\Slides Segunda Prova \Tumores SNC.pdf,EISCA - Ensino Integrado em Saúde da Criança e Adolescente,ESCANEADA,9,0
Tumores_do_SNC_1___85b753e170,EISA II - Ensino Integrado em Saúde do Adulto II\NEUROLOGIA\Resumos\Tumores do SNC(1).pdf,EISA II - Ensino Integrado em Saúde do Adulto II,NATIVA,3,3865
Tumores_do_SNC_Oncologia_docx__489dde748a,EISA II - Ensino Integrado em Saúde do Adulto II\ONCOLOGIA\Resumos\Tumores do SNC - Oncologia.docx.pdf,EISA II - Ensino Integrado em Saúde do Adulto II,NATIVA,2,4526
Tumores_do_SNC__f8f8838eb0,EISA II - Ensino Integrado em Saúde do Adulto II\NEUROLOGIA\Resumos\Tumores do SNC.pdf,EISA II - Ensino Integrado em Saúde do Adulto II,NATIVA,9,15721
UROLOGIA_FEMININA_INFECC_A_O_E_INCONTINE_NCIA_URINA_RIAS__bbdee85aaf,EISA II - Ensino Integrado em Saúde do Adulto II\UROLOGIA\Resumos\UROLOGIA FEMININA - INFECÇÃO E INCONTINÊNCIA URINÁRIAS.pdf,EISA II - Ensino Integrado em Saúde do Adulto II,NATIVA,4,9295
UROLOGIA_FEMININA__592da80b07,EISA II - Ensino Integrado em Saúde do Adulto II\UROLOGIA\Slides Aulas \Slides Terceira Prova\UROLOGIA FEMININA.pdf,EISA II - Ensino Integrado em Saúde do Adulto II,ESCANEADA,68,5613
UROPATOLOGIA_2022__01de88df4a,EISA II - Ensino Integrado em Saúde do Adulto II\PATOLOGIA\Slides aulas \UROPATOLOGIA 2022.pdf,EISA II - Ensino Integrado em Saúde do Adulto II,MISTA,48,5838
Uro_BEXIGA_NEUROGA_NICA__6bd4d01ade,EISA II - Ensino Integrado em Saúde do Adulto II\UROLOGIA\Resumos\Uro - BEXIGA NEUROGÃ_NICA.pdf,EISA II - Ensino Integrado em Saúde do Adulto II,NATIVA,3,4535
Uro_DOENA_A_SEXUALMENTE_TRANSMISSA_VEL__077fa8ae91,EISA II - Ensino Integrado em Saúde do Adulto II\UROLOGIA\Resumos\Uro - DOENÃ_A SEXUALMENTE TRANSMISSÃ_VEL.pdf,EISA II - Ensino Integrado em Saúde do Adulto II,NATIVA,14,24874
Uro_Liti_ase_Urina_ria__f6b2b3a7f8,EISA II - Ensino Integrado em Saúde do Adulto II\UROLOGIA\Resumos\Uro - Litíase Urinária.pdf,EISA II - Ensino Integrado em Saúde do Adulto II,NATIVA,10,18661
Uro_NEOPLASIA_VESICAL__accd237294,EISA II - Ensino Integrado em Saúde do Adulto II\UROLOGIA\Resumos\Uro - NEOPLASIA VESICAL.pdf,EISA II - Ensino Integrado em Saúde do Adulto II,NATIVA,5,8137
Uro_TRAUMA_UROGENITAL__e578876e7e,EISA II - Ensino Integrado em Saúde do Adulto II\UROLOGIA\Resumos\Uro - TRAUMA UROGENITAL.pdf,EISA II - Ensino Integrado em Saúde do Adulto II,NATIVA,9,16121
Urologia_CA_NCER_DE_PRO_STATA__ec4ee2ece9,EISA II - Ensino Integrado em Saúde do Adulto II\UROLOGIA\Resumos\Urologia - CÂNCER DE PRÓSTATA.pdf,EISA II - Ensino Integrado em Saúde do Adulto II,NATIVA,11,18942
Urologia_CA_NCER_DE_TESTI_CULO__2d3b7d9fc1,EISA II - Ensino Integrado em Saúde do Adulto II\UROLOGIA\Resumos\Urologia - CÂNCER DE TESTÍCULO.pdf,EISA II - Ensino Integrado em Saúde do Adulto II,NATIVA,8,14619
Urologia_Neoplasia_vesical__28a519202e,EISA II - Ensino Integrado em Saúde do Adulto II\UROLOGIA\Resumos\Urologia - Neoplasia vesical.docx,EISA II - Ensino Integrado em Saúde do Adulto II,NATIVA,1,4950
Urologia_Neoplasia_vesical__d000d7d497,EISA II - Ensino Integrado em Saúde do Adulto II\UROLOGIA\Resumos\Urologia - Neoplasia vesical.pdf,EISA II - Ensino Integrado em Saúde do Adulto II,NATIVA,3,5811
altera_oes_oculares_na_endocrinologia_2025__35d861290b,EISA II - Ensino Integrado em Saúde do Adulto II\OFTALMOLOGIA\Slides Aulas\Slides Primeira Prova \alteraçoes oculares na endocrinologia 2025.pptx,EISA II - Ensino Integrado em Saúde do Adulto II,MISTA,46,10697
anatomia_osso_temporal__6f71ef392c,EISA II - Ensino Integrado em Saúde do Adulto II\OTORRINOLARINGOLOGIA\Conteúdos das aulas\anatomia osso temporal.pdf,EISA II - Ensino Integrado em Saúde do Adulto II,NATIVA,24,51521
ansiol_ticos_e_hipn_ticos__03bc57e119,EISM - Ensino Integrado em Saúde Mental\Resumos\ansiolíticos e hipnóticos.pdf,EISM - Ensino Integrado em Saúde Mental,NATIVA,3,5919
cefaleia_2023_ppt__42073aa2f8,EISA II - Ensino Integrado em Saúde do Adulto II\NEUROLOGIA\Slides Aulas\Slides Primeira Prova \cefaleia 2023 ppt.pdf,EISA II - Ensino Integrado em Saúde do Adulto II,MISTA,40,9892
continuum_dementia_2024_1___06d08e6d0f,EISA II - Ensino Integrado em Saúde do Adulto II\NEUROLOGIA\Slides Aulas\Slides Terceira Prova \continuum-dementia 2024(1).pdf,EISA II - Ensino Integrado em Saúde do Adulto II,NATIVA,287,1080922
continuum_dementia_2024__b06e8198b8,EISA II - Ensino Integrado em Saúde do Adulto II\NEUROLOGIA\Slides Aulas\Slides Terceira Prova \continuum-dementia 2024.pdf,EISA II - Ensino Integrado em Saúde do Adulto II,NATIVA,287,1080922
diarreia_e_DHE__35f8e57446,EISCA - Ensino Integrado em Saúde da Criança e Adolescente\Slides Aulas\Slides Primeira Prova \diarreia e DHE.pdf,EISCA - Ensino Integrado em Saúde da Criança e Adolescente,MISTA,41,13055
doen_as_neuromusculares__68f8cae128,EISA II - Ensino Integrado em Saúde do Adulto II\NEUROLOGIA\Resumos\doenças neuromusculares.pdf,EISA II - Ensino Integrado em Saúde do Adulto II,NATIVA,3,5184
donec_a_da_orelha_externa__bce942b498,EISA II - Ensino Integrado em Saúde do Adulto II\OTORRINOLARINGOLOGIA\Conteúdos das aulas\doneça da orelha externa.pdf,EISA II - Ensino Integrado em Saúde do Adulto II,NATIVA,22,64791
febre_reum_tica__4f900af65e,EISCA - Ensino Integrado em Saúde da Criança e Adolescente\Resumos\febre reumática.pdf,EISCA - Ensino Integrado em Saúde da Criança e Adolescente,NATIVA,3,7469
glomerulopatias_em_ped_GNDA_e_SN__8da6c78621,EISA II - Ensino Integrado em Saúde do Adulto II\NEFROLOGIA\Resumos\glomerulopatias em ped - GNDA e SN.pdf,EISA II - Ensino Integrado em Saúde do Adulto II,NATIVA,6,13161
manejo_do_paciente_com_diarreia_avaliacao_do_estad_240912_14__d02d8d34b1,CASOS CLÍNICOS\manejo-do-paciente-com-diarreia-avaliacao-do-estad_240912_143501.pdf,CASOS CLÍNICOS,NATIVA,1,13119
n_dulos_benignos_e_malignos_da_tireoide_1___904e9ae7fb,EISA II - Ensino Integrado em Saúde do Adulto II\ENDOCRINOLOGIA\Resumos\nódulos benignos e malignos da tireoide (1).pdf,EISA II - Ensino Integrado em Saúde do Adulto II,NATIVA,4,5823
obesidade_endo_gena_p_alunos_Tratado_Pediatria_5a_ed_2022__4e14c0dd9f,EISCA - Ensino Integrado em Saúde da Criança e Adolescente\Slides Aulas\Slides Segunda Prova \obesidade endógena p alunos-Tratado Pediatria 5a ed-2022.pdf,EISCA - Ensino Integrado em Saúde da Criança e Adolescente,NATIVA,18,32451
osteossarcoma__ad984b30b6,EISCA - Ensino Integrado em Saúde da Criança e Adolescente\Resumos\osteossarcoma.pdf,EISCA - Ensino Integrado em Saúde da Criança e Adolescente,NATIVA,3,6067
otite_media_cronica__8dea16ba12,EISA II - Ensino Integrado em Saúde do Adulto II\OTORRINOLARINGOLOGIA\Conteúdos das aulas\otite media cronica.pdf,EISA II - Ensino Integrado em Saúde do Adulto II,NATIVA,28,52332
parasitose_SBP__9bc72a9616,EISCA - Ensino Integrado em Saúde da Criança e Adolescente\Slides Aulas\Slides Terceira Prova\parasitose SBP.pdf,EISCA - Ensino Integrado em Saúde da Criança e Adolescente,NATIVA,24,95410
pediatria_ALEITAMENTO_MATERNO__202c07d31a,EISCA - Ensino Integrado em Saúde da Criança e Adolescente\Resumos\pediatria - ALEITAMENTO MATERNO.pdf,EISCA - Ensino Integrado em Saúde da Criança e Adolescente,NATIVA,6,9294
pediatria_BRONQUIOLITE__88788efbd3,EISCA - Ensino Integrado em Saúde da Criança e Adolescente\Resumos\pediatria - BRONQUIOLITE.pdf,EISCA - Ensino Integrado em Saúde da Criança e Adolescente,NATIVA,4,7108
resumed_sa_de_do_adulto_2__f8fd0b8d31,RESUmed- Resumos \resumed saúde do adulto 2.pdf,RESUmed- Resumos ,NATIVA,350,778934
resumo_edine_ERISIPELA__71ff949837,EISCA - Ensino Integrado em Saúde da Criança e Adolescente\Resumos\resumo edine - ERISIPELA.pdf,EISCA - Ensino Integrado em Saúde da Criança e Adolescente,NATIVA,2,1836
resumo_edine_PA_DIABA_TICO__4a12db1c24,EISA II - Ensino Integrado em Saúde do Adulto II\ENDOCRINOLOGIA\Resumos\resumo edine - PÃ_ DIABÃ_TICO.pdf,EISA II - Ensino Integrado em Saúde do Adulto II,NATIVA,3,2350
sarcoma_de_partes_moles_onco_geral__60ed920345,EISA II - Ensino Integrado em Saúde do Adulto II\ONCOLOGIA\Resumos\sarcoma de partes moles - onco geral.pdf,EISA II - Ensino Integrado em Saúde do Adulto II,NATIVA,2,3632
semio_PED__c241597932,EISCA - Ensino Integrado em Saúde da Criança e Adolescente\Slides Aulas\Slides Primeira Prova \semio PED.pdf,EISCA - Ensino Integrado em Saúde da Criança e Adolescente,ESCANEADA,55,6024
transtornos_por_uso_de_subst_ncias__554a1a793f,EISM - Ensino Integrado em Saúde Mental\Resumos\transtornos por uso de substâncias.pdf,EISM - Ensino Integrado em Saúde Mental,NATIVA,4,8965
tumores_do_SNC_onco_geral__4d5d871f65,EISA II - Ensino Integrado em Saúde do Adulto II\NEUROLOGIA\Resumos\tumores do SNC - onco geral.pdf,EISA II - Ensino Integrado em Saúde do Adulto II,NATIVA,3,4595
